timestamp,device_id,stage,pressure,flow,acoustic,pH,tds,turbidity
2026-08-03T13:30:49.506102+00:00,ESP32_Node_2,LEAK,1.569,206.338,1.164,7.094,300.344,1.635
2026-08-03T13:41:49.506102+00:00,ESP32_Node_3,WATER_QUALITY,2.921,137.395,0.746,8.694,314.115,2.017
2026-08-03T13:42:49.506102+00:00,ESP32_Node_1,SENSOR_FAULT,2.573,120.557,0.55,7.15,25.0,1.891
2026-08-03T14:07:49.506102+00:00,ESP32_Node_1,WATER_QUALITY,2.498,132.999,0.522,7.0,519.064,6.526
2026-08-03T14:09:49.506102+00:00,ESP32_Node_4,NORMAL,2.622,137.514,0.667,7.257,337.665,2.384
2026-08-03T15:47:49.506102+00:00,ESP32_Node_2,LEAK,1.74,155.019,1.832,7.225,334.848,0.953
2026-08-03T16:24:49.506102+00:00,ESP32_Node_1,NORMAL,2.385,96.959,0.641,7.022,315.66,1.823
2026-08-03T16:46:49.506102+00:00,ESP32_Node_2,SENSOR_FAULT,2.359,135.694,0.578,2.5,306.833,1.824
2026-08-03T16:56:49.506102+00:00,ESP32_Node_3,WATER_QUALITY,2.475,132.866,0.481,7.274,448.594,2.097
2026-08-03T16:59:49.506102+00:00,ESP32_Node_1,SENSOR_FAULT,2.597,500.0,0.27,7.157,271.23,1.497
2026-08-03T17:25:49.506102+00:00,ESP32_Node_4,LEAK,2.09,152.617,1.384,6.992,308.994,1.948
2026-08-03T18:29:49.506102+00:00,ESP32_Node_3,NORMAL,2.636,132.704,0.418,7.107,304.121,1.847
2026-08-03T18:57:49.506102+00:00,ESP32_Node_4,NORMAL,2.595,119.574,0.348,7.181,336.475,1.79
2026-08-03T19:06:49.506102+00:00,ESP32_Node_4,LEAK,1.642,176.199,1.64,6.962,302.029,1.081
2026-08-03T19:13:49.506102+00:00,ESP32_Node_4,LEAK,1.752,156.237,1.781,7.179,332.018,2.436
2026-08-03T19:28:49.506102+00:00,ESP32_Node_1,NORMAL,2.57,111.7,0.612,7.005,282.604,1.799
2026-08-03T19:38:49.506102+00:00,ESP32_Node_4,SENSOR_FAULT,2.671,95.582,0.555,7.12,318.234,40.0
2026-08-03T19:48:49.506102+00:00,ESP32_Node_4,LEAK,1.811,172.394,1.225,7.146,359.103,1.237
2026-08-03T20:22:49.506102+00:00,ESP32_Node_2,EARLY_ANOMALY,2.105,153.444,1.041,7.055,306.042,2.476
2026-08-03T20:35:49.506102+00:00,ESP32_Node_3,NORMAL,2.661,119.183,0.468,7.308,348.333,1.473
2026-08-03T20:45:49.506102+00:00,ESP32_Node_3,EARLY_ANOMALY,2.165,148.416,0.77,7.124,323.242,1.796
2026-08-03T21:11:49.506102+00:00,ESP32_Node_1,NORMAL,2.396,118.559,0.61,7.324,301.222,1.79
2026-08-03T21:31:49.506102+00:00,ESP32_Node_4,NORMAL,2.617,112.761,0.427,7.149,289.841,1.604
2026-08-03T21:32:49.506102+00:00,ESP32_Node_3,SENSOR_FAULT,2.815,131.783,0.422,13.0,318.841,1.826
2026-08-03T22:31:49.506102+00:00,ESP32_Node_1,NORMAL,2.453,126.148,0.655,7.032,312.841,1.648
2026-08-03T22:37:49.506102+00:00,ESP32_Node_1,LEAK,1.264,174.81,1.464,7.149,335.156,2.04
2026-08-03T23:06:49.506102+00:00,ESP32_Node_4,WATER_QUALITY,2.665,123.041,0.464,8.107,407.196,2.825
2026-08-03T23:10:49.506102+00:00,ESP32_Node_1,NORMAL,2.336,111.034,0.524,7.096,312.168,1.438
2026-08-03T23:53:49.506102+00:00,ESP32_Node_4,NORMAL,2.742,136.682,0.689,7.123,276.591,1.717
2026-08-04T00:02:49.506102+00:00,ESP32_Node_3,WATER_QUALITY,2.734,116.477,0.475,7.109,532.587,2.324
2026-08-04T00:38:49.506102+00:00,ESP32_Node_1,NORMAL,2.623,93.579,0.621,7.357,318.158,1.999
2026-08-04T01:04:49.506102+00:00,ESP32_Node_2,WATER_QUALITY,2.294,126.089,0.701,7.105,652.029,1.769
2026-08-04T01:05:49.506102+00:00,ESP32_Node_4,LEAK,1.515,127.528,1.865,7.226,300.104,1.448
2026-08-04T01:35:49.506102+00:00,ESP32_Node_2,NORMAL,2.561,120.843,0.428,7.079,327.724,1.602
2026-08-04T01:51:49.506102+00:00,ESP32_Node_3,NORMAL,2.612,137.858,0.425,7.292,308.723,1.592
2026-08-04T02:31:49.506102+00:00,ESP32_Node_1,SENSOR_FAULT,2.247,105.942,4.5,7.266,306.459,1.584
2026-08-04T02:44:49.506102+00:00,ESP32_Node_2,WATER_QUALITY,2.491,106.71,0.772,6.222,302.174,2.381
2026-08-04T03:34:49.506102+00:00,ESP32_Node_3,SENSOR_FAULT,2.673,134.216,0.499,7.053,318.351,20.0
2026-08-04T03:50:49.506102+00:00,ESP32_Node_3,LEAK,1.774,169.075,1.412,6.993,321.827,2.21
2026-08-04T05:41:49.506102+00:00,ESP32_Node_2,WATER_QUALITY,2.528,114.837,0.642,7.172,482.721,2.862
2026-08-04T05:44:49.506102+00:00,ESP32_Node_2,LEAK,1.738,149.589,1.987,6.961,338.237,1.712
2026-08-04T05:48:49.506102+00:00,ESP32_Node_3,NORMAL,2.658,117.379,0.512,7.091,313.868,1.91
2026-08-04T06:29:49.506102+00:00,ESP32_Node_4,NORMAL,2.567,120.702,0.718,7.08,295.055,1.541
2026-08-04T07:35:49.506102+00:00,ESP32_Node_3,NORMAL,2.512,125.045,0.461,7.193,345.892,1.278
2026-08-04T08:41:49.506102+00:00,ESP32_Node_4,LEAK,1.509,182.346,1.691,7.279,333.143,1.979
2026-08-04T09:45:49.506102+00:00,ESP32_Node_3,LEAK,1.47,157.031,2.032,7.241,307.49,1.831
2026-08-04T09:53:49.506102+00:00,ESP32_Node_4,NORMAL,2.83,108.645,0.411,7.09,304.24,1.348
2026-08-04T10:36:49.506102+00:00,ESP32_Node_3,SENSOR_FAULT,2.665,111.951,0.613,7.221,1200.0,1.629
2026-08-04T10:59:49.506102+00:00,ESP32_Node_4,LEAK,1.487,157.3,1.774,6.992,282.09,1.937
2026-08-04T11:06:49.506102+00:00,ESP32_Node_4,WATER_QUALITY,2.72,114.038,0.893,5.661,347.107,2.513
2026-08-04T11:09:49.506102+00:00,ESP32_Node_1,LEAK,1.773,159.18,1.198,6.976,335.731,1.761
2026-08-04T11:40:49.506102+00:00,ESP32_Node_2,NORMAL,2.563,133.558,0.769,7.31,293.479,1.759
2026-08-04T12:24:49.506102+00:00,ESP32_Node_3,LEAK,1.785,174.617,1.348,7.221,323.762,2.065
2026-08-04T12:53:49.506102+00:00,ESP32_Node_2,LEAK,1.962,131.987,2.068,7.144,283.134,2.485
2026-08-04T13:13:49.506102+00:00,ESP32_Node_1,NORMAL,2.624,136.37,0.569,7.109,332.968,1.179
2026-08-04T13:41:49.506102+00:00,ESP32_Node_4,SENSOR_FAULT,2.497,148.184,0.449,11.5,317.128,1.694
2026-08-04T14:21:49.506102+00:00,ESP32_Node_3,WATER_QUALITY,2.416,114.623,0.43,5.881,376.985,2.496
2026-08-04T14:26:49.506102+00:00,ESP32_Node_4,EARLY_ANOMALY,2.303,120.506,1.005,6.995,279.229,1.0
2026-08-04T14:41:49.506102+00:00,ESP32_Node_2,WATER_QUALITY,2.636,129.804,0.451,7.212,532.119,2.162
2026-08-04T15:05:49.506102+00:00,ESP32_Node_1,SENSOR_FAULT,0.0,127.839,0.635,7.017,332.041,1.857
2026-08-04T15:07:49.506102+00:00,ESP32_Node_3,WATER_QUALITY,2.573,131.857,0.703,7.116,465.748,2.06
2026-08-04T15:15:49.506102+00:00,ESP32_Node_2,NORMAL,2.446,125.776,0.737,7.223,294.415,2.036
2026-08-04T15:19:49.506102+00:00,ESP32_Node_4,WATER_QUALITY,2.212,122.71,0.542,7.255,447.341,2.841
2026-08-04T15:39:49.506102+00:00,ESP32_Node_1,EARLY_ANOMALY,2.183,156.171,0.846,6.952,334.508,2.83
2026-08-04T16:14:49.506102+00:00,ESP32_Node_4,NORMAL,2.681,127.6,0.608,7.138,321.326,1.63
2026-08-04T16:20:49.506102+00:00,ESP32_Node_4,WATER_QUALITY,2.182,140.256,0.53,7.275,358.717,4.07
2026-08-04T16:30:49.506102+00:00,ESP32_Node_4,NORMAL,2.467,114.301,0.483,7.219,298.724,1.555
2026-08-04T17:07:49.506102+00:00,ESP32_Node_2,LEAK,1.928,162.407,1.84,7.161,326.041,2.296
2026-08-04T17:37:49.506102+00:00,ESP32_Node_3,WATER_QUALITY,2.7,122.812,0.573,8.211,362.609,2.54
2026-08-04T17:47:49.506102+00:00,ESP32_Node_4,LEAK,1.455,162.413,1.684,7.132,307.34,1.478
2026-08-04T17:53:49.506102+00:00,ESP32_Node_3,NORMAL,2.518,118.323,0.586,7.075,318.953,1.331
2026-08-04T18:07:49.506102+00:00,ESP32_Node_3,NORMAL,2.405,116.167,0.6,7.03,302.875,1.604
2026-08-04T19:58:49.506102+00:00,ESP32_Node_3,WATER_QUALITY,2.276,124.807,0.699,6.468,380,7.12
2026-08-04T20:24:49.506102+00:00,ESP32_Node_1,NORMAL,2.77,124.843,0.396,7.083,312.429,1.339
2026-08-04T20:49:49.506102+00:00,ESP32_Node_1,NORMAL,2.605,143.303,0.604,7.206,318.2,1.831
2026-08-04T21:14:49.506102+00:00,ESP32_Node_3,LEAK,1.76,150.927,1.268,7.066,353.628,2.168
2026-08-04T21:35:49.506102+00:00,ESP32_Node_2,EARLY_ANOMALY,2.123,141.443,1.48,7.151,292.651,2.43
2026-08-04T21:57:49.506102+00:00,ESP32_Node_3,SENSOR_FAULT,2.595,107.685,0.623,13.0,299.102,1.822
2026-08-04T22:17:49.506102+00:00,ESP32_Node_3,LEAK,1.981,193.062,1.493,7.305,278.336,2.001
2026-08-04T22:33:49.506102+00:00,ESP32_Node_1,SENSOR_FAULT,2.684,137.002,0.0,7.119,300.428,1.329
2026-08-04T22:54:49.506102+00:00,ESP32_Node_1,NORMAL,2.547,111.65,0.454,7.194,285.908,2.108
2026-08-04T23:04:49.506102+00:00,ESP32_Node_4,NORMAL,2.613,127.033,0.546,6.972,320.762,1.463
2026-08-04T23:29:49.506102+00:00,ESP32_Node_4,NORMAL,2.563,111.76,0.641,7.168,331.546,1.431
2026-08-04T23:41:49.506102+00:00,ESP32_Node_2,WATER_QUALITY,2.785,96.961,0.762,6.172,274.481,3.139
2026-08-04T23:54:49.506102+00:00,ESP32_Node_1,NORMAL,2.613,132.057,0.442,7.2,317.419,2.096
2026-08-05T00:04:49.506102+00:00,ESP32_Node_3,NORMAL,2.783,129.659,0.607,7.213,288.516,1.974
2026-08-05T00:24:49.506102+00:00,ESP32_Node_4,SENSOR_FAULT,2.425,104.084,7.0,7.062,291.684,1.684
2026-08-05T00:46:49.506102+00:00,ESP32_Node_2,LEAK,1.654,213.988,1.319,7.059,316.912,1.882
2026-08-05T02:35:49.506102+00:00,ESP32_Node_1,NORMAL,2.51,117.2,0.339,7.032,316.158,2.163
2026-08-05T02:55:49.506102+00:00,ESP32_Node_3,LEAK,1.5,216.118,2.3,7.405,307.306,1.561
2026-08-05T03:02:49.506102+00:00,ESP32_Node_2,LEAK,1.662,167.005,1.424,7.011,295.82,1.499
2026-08-05T03:39:49.506102+00:00,ESP32_Node_1,LEAK,1.956,162.311,1.42,7.234,261.651,2.448
2026-08-05T04:20:49.506102+00:00,ESP32_Node_1,WATER_QUALITY,2.506,138.596,0.649,7.019,328.077,7.299
2026-08-05T04:23:49.506102+00:00,ESP32_Node_3,WATER_QUALITY,2.516,137.212,0.534,8.861,317.413,2.545
2026-08-05T04:31:49.506102+00:00,ESP32_Node_4,EARLY_ANOMALY,2.592,158.53,1.075,7.315,287.65,2.416
2026-08-05T05:20:49.506102+00:00,ESP32_Node_4,NORMAL,2.306,135.581,0.627,7.207,351.089,1.886
2026-08-05T05:24:49.506102+00:00,ESP32_Node_4,WATER_QUALITY,2.501,125.866,0.767,8.575,304.537,2.568
2026-08-05T06:20:49.506102+00:00,ESP32_Node_1,NORMAL,2.485,135.559,0.648,7.111,279.783,1.842
2026-08-05T06:30:49.506102+00:00,ESP32_Node_2,NORMAL,2.505,103.836,0.741,7.248,302.754,2.046
2026-08-05T06:35:49.506102+00:00,ESP32_Node_1,EARLY_ANOMALY,2.315,131.25,0.981,7.256,294.435,2.365
2026-08-05T06:46:49.506102+00:00,ESP32_Node_4,NORMAL,2.528,114.354,0.367,7.168,332.372,2.142
2026-08-05T06:48:49.506102+00:00,ESP32_Node_3,EARLY_ANOMALY,2.103,123.878,0.65,7.146,327.654,1.71
2026-08-05T06:57:49.506102+00:00,ESP32_Node_4,WATER_QUALITY,2.622,141.757,0.616,6.241,409.784,7.781
2026-08-05T07:07:49.506102+00:00,ESP32_Node_3,EARLY_ANOMALY,2.247,139.507,0.843,6.974,327.576,1.834
2026-08-05T07:15:49.506102+00:00,ESP32_Node_3,NORMAL,2.707,113.268,0.649,7.003,280.16,1.793
2026-08-05T07:18:49.506102+00:00,ESP32_Node_4,WATER_QUALITY,2.727,132.909,0.49,6.424,413.131,3.5
2026-08-05T07:28:49.506102+00:00,ESP32_Node_1,NORMAL,2.264,126.73,0.933,7.237,288.075,1.659
2026-08-05T07:42:49.506102+00:00,ESP32_Node_4,NORMAL,2.601,141.77,0.451,7.171,314.444,1.459
2026-08-05T07:56:49.506102+00:00,ESP32_Node_1,SENSOR_FAULT,5.5,113.37,0.735,7.148,343.576,0.8
2026-08-05T08:00:49.506102+00:00,ESP32_Node_1,WATER_QUALITY,2.398,114.539,0.573,6.201,459.707,6.448
2026-08-05T08:04:49.506102+00:00,ESP32_Node_4,WATER_QUALITY,2.248,120.594,0.504,6.425,490.5,6.101
2026-08-05T08:17:49.506102+00:00,ESP32_Node_4,NORMAL,2.325,118.287,0.645,7.175,294.967,1.878
2026-08-05T08:58:49.506102+00:00,ESP32_Node_3,NORMAL,2.34,134.517,0.62,7.2,309.199,1.623
2026-08-05T09:19:49.506102+00:00,ESP32_Node_2,SENSOR_FAULT,2.542,0.0,0.524,7.101,321.075,2.568
2026-08-05T09:28:49.506102+00:00,ESP32_Node_2,NORMAL,2.623,110.826,0.626,7.191,293.717,2.031
2026-08-05T09:35:49.506102+00:00,ESP32_Node_2,EARLY_ANOMALY,2.6,144.505,1.069,7.278,354.04,2.539
2026-08-05T09:40:49.506102+00:00,ESP32_Node_4,SENSOR_FAULT,5.5,126.294,0.614,7.122,322.342,1.69
2026-08-05T10:16:49.506102+00:00,ESP32_Node_3,NORMAL,2.319,116.391,0.707,7.211,332.893,1.729
2026-08-05T11:32:49.506102+00:00,ESP32_Node_3,NORMAL,2.619,111.194,0.425,7.109,311.518,1.704
2026-08-05T11:40:49.506102+00:00,ESP32_Node_4,LEAK,2.012,159.058,1.901,7.021,316.541,2.156
2026-08-05T12:14:49.506102+00:00,ESP32_Node_2,EARLY_ANOMALY,2.305,126.274,1.091,7.34,328.498,3.378
2026-08-05T12:32:49.506102+00:00,ESP32_Node_2,NORMAL,2.465,116.831,0.527,7.129,303.293,1.648
2026-08-05T13:20:49.506102+00:00,ESP32_Node_2,SENSOR_FAULT,2.1,140.845,0.713,3.2,333.467,1.643
2026-08-05T13:33:49.506102+00:00,ESP32_Node_1,LEAK,1.904,182.151,1.245,7.106,294.268,2.413
2026-08-05T13:39:49.506102+00:00,ESP32_Node_4,SENSOR_FAULT,2.534,127.15,0.559,6.989,332.821,0.05
2026-08-05T14:03:49.506102+00:00,ESP32_Node_1,LEAK,1.631,162.682,1.869,7.039,332.818,2.002
2026-08-05T14:08:49.506102+00:00,ESP32_Node_3,WATER_QUALITY,2.859,106.916,0.769,6.205,269.154,2.341
2026-08-05T14:47:49.506102+00:00,ESP32_Node_2,SENSOR_FAULT,2.6,0.0,0.538,7.184,280.979,1.852
2026-08-05T15:12:49.506102+00:00,ESP32_Node_2,NORMAL,2.508,125.23,0.628,7.23,300.752,1.281
2026-08-05T15:39:49.506102+00:00,ESP32_Node_4,WATER_QUALITY,2.35,91.666,0.467,6.47,476.019,5.73
2026-08-05T16:42:49.506102+00:00,ESP32_Node_3,LEAK,1.935,154.112,1.537,7.229,288.871,2.71
2026-08-05T17:47:49.506102+00:00,ESP32_Node_1,WATER_QUALITY,2.646,123.476,0.717,7.482,567.501,1.689
2026-08-05T18:17:49.506102+00:00,ESP32_Node_1,NORMAL,2.777,132.301,0.49,7.163,324.86,1.405
2026-08-05T18:59:49.506102+00:00,ESP32_Node_4,NORMAL,2.722,97.515,0.564,7.079,314.958,1.467
2026-08-05T19:15:49.506102+00:00,ESP32_Node_4,NORMAL,2.85,107.791,0.77,7.173,304.161,1.968
2026-08-05T21:30:49.506102+00:00,ESP32_Node_4,NORMAL,2.658,134.835,0.382,7.019,329.914,2.123
2026-08-05T21:36:49.506102+00:00,ESP32_Node_3,NORMAL,2.43,113.41,0.477,7.117,301.33,1.492
2026-08-05T21:45:49.506102+00:00,ESP32_Node_4,WATER_QUALITY,2.677,134.417,0.666,6.128,292.681,2.342
2026-08-05T22:04:49.506102+00:00,ESP32_Node_2,LEAK,1.738,189.216,1.678,7.263,253.961,1.973
2026-08-05T22:29:49.506102+00:00,ESP32_Node_3,WATER_QUALITY,2.8,124.643,0.864,5.939,397.53,1.891
2026-08-05T22:40:49.506102+00:00,ESP32_Node_3,SENSOR_FAULT,2.462,120.951,0.607,7.066,1200.0,1.76
2026-08-05T22:44:49.506102+00:00,ESP32_Node_2,SENSOR_FAULT,2.659,122.221,0.558,11.5,327.804,1.4
2026-08-05T22:45:49.506102+00:00,ESP32_Node_3,WATER_QUALITY,2.54,117.22,0.694,6.213,306.953,3.005
2026-08-05T22:56:49.506102+00:00,ESP32_Node_2,NORMAL,2.582,134.247,0.666,7.179,341.579,1.21
2026-08-05T23:20:49.506102+00:00,ESP32_Node_4,SENSOR_FAULT,2.563,5.0,0.45,7.077,260.693,2.71
2026-08-05T23:44:49.506102+00:00,ESP32_Node_1,SENSOR_FAULT,2.381,133.364,0.772,7.171,250,0.0
2026-08-06T00:42:49.506102+00:00,ESP32_Node_2,EARLY_ANOMALY,2.423,167.551,1.023,7.317,264.251,1.588
2026-08-06T00:58:49.506102+00:00,ESP32_Node_3,NORMAL,2.523,114.102,0.644,7.065,330.031,1.372
2026-08-06T01:01:49.506102+00:00,ESP32_Node_1,NORMAL,2.492,114.503,0.686,6.991,315.918,1.599
2026-08-06T01:08:49.506102+00:00,ESP32_Node_2,LEAK,1.716,182.736,1.371,6.977,346.19,1.652
2026-08-06T01:37:49.506102+00:00,ESP32_Node_1,WATER_QUALITY,2.53,125.599,0.761,6.138,389.612,5.43
2026-08-06T02:29:49.506102+00:00,ESP32_Node_2,NORMAL,2.145,104.353,0.335,7.301,323.571,1.689
2026-08-06T02:42:49.506102+00:00,ESP32_Node_3,WATER_QUALITY,2.472,133.266,0.64,7.064,340.054,6.126
2026-08-06T02:48:49.506102+00:00,ESP32_Node_2,NORMAL,2.781,127.561,0.378,7.249,281.801,1.631
2026-08-06T03:04:49.506102+00:00,ESP32_Node_2,LEAK,1.724,191.011,1.136,6.975,334.542,2.136
2026-08-06T03:14:49.506102+00:00,ESP32_Node_2,NORMAL,2.52,140.937,0.731,7.134,314.77,1.8
2026-08-06T03:48:49.506102+00:00,ESP32_Node_1,WATER_QUALITY,2.08,108.643,0.685,6.348,398.421,6.445
2026-08-06T04:41:49.506102+00:00,ESP32_Node_2,WATER_QUALITY,2.527,138.541,0.613,6.943,380,4.092
2026-08-06T05:05:49.506102+00:00,ESP32_Node_3,NORMAL,2.294,116.457,0.574,7.115,315.663,2.114
2026-08-06T05:13:49.506102+00:00,ESP32_Node_4,WATER_QUALITY,2.511,112.981,0.611,6.867,484.655,5.915
2026-08-06T05:28:49.506102+00:00,ESP32_Node_2,NORMAL,2.83,136.017,0.395,7.164,282.009,1.882
2026-08-06T05:43:49.506102+00:00,ESP32_Node_2,NORMAL,2.587,121.246,0.48,7.255,305.487,2.097
2026-08-06T06:15:49.506102+00:00,ESP32_Node_3,NORMAL,2.339,116.742,0.714,7.392,302.406,2.14
2026-08-06T06:17:49.506102+00:00,ESP32_Node_1,EARLY_ANOMALY,2.313,122.765,1.1,7.148,365.185,1.829
2026-08-06T06:35:49.506102+00:00,ESP32_Node_4,SENSOR_FAULT,0.05,104.823,0.726,7.176,329.863,1.553
2026-08-06T06:49:49.506102+00:00,ESP32_Node_1,SENSOR_FAULT,2.588,134.281,0.671,7.165,1200.0,1.329
2026-08-06T07:13:49.506102+00:00,ESP32_Node_1,NORMAL,2.73,118.82,0.533,7.211,330.776,2.077
2026-08-06T07:49:49.506102+00:00,ESP32_Node_3,WATER_QUALITY,2.489,132.207,0.463,8.52,329.212,2.567
2026-08-06T09:33:49.506102+00:00,ESP32_Node_4,NORMAL,2.144,145.666,0.539,7.333,313.651,1.819
2026-08-06T10:08:49.506102+00:00,ESP32_Node_2,EARLY_ANOMALY,2.281,147.935,1.064,7.126,315.53,2.437
2026-08-06T10:25:49.506102+00:00,ESP32_Node_2,LEAK,1.807,162.92,1.861,6.968,313.781,1.882
2026-08-06T10:36:49.506102+00:00,ESP32_Node_4,NORMAL,2.639,136.912,0.557,7.092,305.331,2.052
2026-08-06T10:42:49.506102+00:00,ESP32_Node_2,SENSOR_FAULT,2.444,350.0,0.521,7.089,346.965,1.667
2026-08-06T10:50:49.506102+00:00,ESP32_Node_4,NORMAL,2.406,123.633,0.441,7.089,315.406,2.176
2026-08-06T11:01:49.506102+00:00,ESP32_Node_3,WATER_QUALITY,2.466,100.986,0.438,6.527,462.288,7.31
2026-08-06T11:24:49.506102+00:00,ESP32_Node_3,NORMAL,2.562,124.825,0.665,7.173,340.209,1.653
2026-08-06T11:34:49.506102+00:00,ESP32_Node_4,NORMAL,2.383,128.233,0.479,7.184,268.165,2.065
2026-08-06T12:55:49.506102+00:00,ESP32_Node_3,WATER_QUALITY,2.502,127.728,0.738,8.278,341.753,2.445
2026-08-06T13:36:49.506102+00:00,ESP32_Node_2,SENSOR_FAULT,2.633,116.329,0.522,11.5,290.503,1.141
2026-08-06T14:31:49.506102+00:00,ESP32_Node_4,SENSOR_FAULT,2.599,99.073,0.539,3.2,314.423,1.6
2026-08-06T14:40:49.506102+00:00,ESP32_Node_4,SENSOR_FAULT,2.728,500.0,0.605,7.007,288.29,1.968
2026-08-06T14:56:49.506102+00:00,ESP32_Node_1,LEAK,1.273,143.577,1.628,7.171,330.832,1.992
2026-08-06T15:12:49.506102+00:00,ESP32_Node_3,NORMAL,2.563,137.53,0.676,7.23,310.494,1.513
2026-08-06T15:12:49.506102+00:00,ESP32_Node_4,NORMAL,2.207,91.328,0.512,7.085,287.975,2.5
2026-08-06T15:29:49.506102+00:00,ESP32_Node_1,NORMAL,2.673,141.017,0.568,7.169,285.279,2.554
2026-08-06T15:38:49.506102+00:00,ESP32_Node_1,NORMAL,2.384,127.751,0.506,7.064,307.404,1.437
2026-08-06T15:56:49.506102+00:00,ESP32_Node_4,LEAK,1.486,125,1.337,7.242,335.008,2.457
2026-08-06T16:36:49.506102+00:00,ESP32_Node_2,NORMAL,2.489,124.427,0.695,7.163,338.135,1.413
2026-08-06T17:25:49.506102+00:00,ESP32_Node_2,EARLY_ANOMALY,2.288,131.312,0.66,7.071,318.415,1.958
2026-08-06T17:26:49.506102+00:00,ESP32_Node_4,NORMAL,2.692,115.711,0.729,7.162,299.607,1.39
2026-08-06T17:48:49.506102+00:00,ESP32_Node_3,LEAK,1.982,179.892,1.868,6.951,366.307,1.994
2026-08-06T17:51:49.506102+00:00,ESP32_Node_2,LEAK,2.15,182.991,1.784,7.096,329.553,2.448
2026-08-06T18:21:49.506102+00:00,ESP32_Node_2,NORMAL,2.689,113.484,0.434,7.181,301.143,2.018
2026-08-06T18:46:49.506102+00:00,ESP32_Node_2,NORMAL,2.358,133.032,0.633,7.202,318.761,1.571
2026-08-06T20:11:49.506102+00:00,ESP32_Node_2,NORMAL,2.801,122.835,0.595,7.159,317.327,1.94
2026-08-06T21:03:49.506102+00:00,ESP32_Node_4,LEAK,1.745,139.876,1.546,7.096,321.043,2.039
2026-08-06T21:08:49.506102+00:00,ESP32_Node_1,NORMAL,2.527,118.956,0.608,7.371,331.021,1.588
2026-08-06T21:26:49.506102+00:00,ESP32_Node_2,NORMAL,2.465,119.764,0.524,7.181,310.647,1.986
2026-08-06T22:19:49.506102+00:00,ESP32_Node_4,WATER_QUALITY,2.669,110.362,0.584,6.344,318.307,1.984
2026-08-06T22:27:49.506102+00:00,ESP32_Node_3,NORMAL,2.625,130.207,0.533,7.025,317.801,1.608
2026-08-06T22:27:49.506102+00:00,ESP32_Node_3,NORMAL,2.507,120.791,0.483,7.21,272.784,0.94
2026-08-06T22:37:49.506102+00:00,ESP32_Node_3,WATER_QUALITY,2.59,130.542,0.361,7.175,503.684,1.923
2026-08-06T23:08:49.506102+00:00,ESP32_Node_4,WATER_QUALITY,2.42,106.375,0.616,7.002,546.755,1.8
2026-08-07T00:11:49.506102+00:00,ESP32_Node_2,SENSOR_FAULT,2.706,500.0,0.567,7.249,319.5,1.448
2026-08-07T01:09:49.506102+00:00,ESP32_Node_3,LEAK,1.551,164.557,1.524,7.031,298.672,2.156
2026-08-07T01:11:49.506102+00:00,ESP32_Node_2,LEAK,1.833,161.328,2.082,7.19,287.538,1.844
2026-08-07T01:19:49.506102+00:00,ESP32_Node_2,NORMAL,2.56,112.405,0.716,7.244,267.027,1.507
2026-08-07T01:23:49.506102+00:00,ESP32_Node_2,NORMAL,2.392,117.775,0.496,7.089,337.151,2.073
2026-08-07T01:54:49.506102+00:00,ESP32_Node_4,SENSOR_FAULT,2.576,5.0,0.502,7.244,310.141,1.99
2026-08-07T02:04:49.506102+00:00,ESP32_Node_4,WATER_QUALITY,2.521,121.663,0.509,7.09,250,7.93
2026-08-07T02:05:49.506102+00:00,ESP32_Node_3,LEAK,1.788,171.13,1.551,7.107,299.891,1.707
2026-08-07T02:42:49.506102+00:00,ESP32_Node_3,NORMAL,2.288,103.077,0.533,7.147,264.134,1.917
2026-08-07T03:03:49.506102+00:00,ESP32_Node_4,NORMAL,2.415,111.225,0.783,7.096,277.925,1.079
2026-08-07T03:05:49.506102+00:00,ESP32_Node_1,WATER_QUALITY,2.95,108.77,0.2,6.031,489.978,4.143
2026-08-07T03:16:49.506102+00:00,ESP32_Node_4,NORMAL,2.448,100.426,0.733,7.231,310.299,1.597
2026-08-07T03:23:49.506102+00:00,ESP32_Node_3,SENSOR_FAULT,2.631,90,0.439,11.5,323.155,2.016
2026-08-07T03:27:49.506102+00:00,ESP32_Node_4,WATER_QUALITY,2.789,123.606,0.778,6.113,349.754,3.07
2026-08-07T03:43:49.506102+00:00,ESP32_Node_2,NORMAL,2.642,118.879,0.476,7.268,312.645,1.195
2026-08-07T03:57:49.506102+00:00,ESP32_Node_1,NORMAL,2.539,142.763,0.366,7.101,299.481,1.67
2026-08-07T04:32:49.506102+00:00,ESP32_Node_3,WATER_QUALITY,2.444,120.169,0.459,9.0,383.152,1.336
2026-08-07T04:45:49.506102+00:00,ESP32_Node_4,NORMAL,2.568,115.97,0.285,7.066,291.762,1.869
2026-08-07T04:52:49.506102+00:00,ESP32_Node_2,NORMAL,2.587,124.85,0.777,7.23,305.148,1.676
2026-08-07T06:33:49.506102+00:00,ESP32_Node_3,NORMAL,2.572,130.378,0.704,7.242,303.688,1.869
2026-08-07T06:54:49.506102+00:00,ESP32_Node_4,NORMAL,2.626,111.433,0.439,7.22,304.9,1.57
2026-08-07T07:21:49.506102+00:00,ESP32_Node_1,NORMAL,2.749,146.069,0.536,7.147,340.04,1.908
2026-08-07T07:40:49.506102+00:00,ESP32_Node_3,WATER_QUALITY,2.467,114.041,0.744,6.88,539.519,2.5
2026-08-07T08:09:49.506102+00:00,ESP32_Node_3,WATER_QUALITY,2.242,104.895,0.873,8.403,363.323,2.375
2026-08-07T08:22:49.506102+00:00,ESP32_Node_3,SENSOR_FAULT,0.0,129.474,0.658,7.374,302.526,0.94
2026-08-07T08:44:49.506102+00:00,ESP32_Node_4,LEAK,1.379,159.749,1.724,7.042,335.218,2.198
2026-08-07T08:46:49.506102+00:00,ESP32_Node_1,WATER_QUALITY,2.386,116.434,0.756,7.024,581.148,2.783
2026-08-07T08:56:49.506102+00:00,ESP32_Node_2,WATER_QUALITY,2.691,108.542,0.441,8.614,320.652,2.682
2026-08-07T09:06:49.506102+00:00,ESP32_Node_4,NORMAL,2.667,130.057,0.661,7.18,314.67,2.002
2026-08-07T10:02:49.506102+00:00,ESP32_Node_3,SENSOR_FAULT,2.577,118.424,0.691,7.272,0.0,1.918
2026-08-07T10:14:49.506102+00:00,ESP32_Node_1,NORMAL,2.578,102.555,0.444,7.264,370,1.976
2026-08-07T10:39:49.506102+00:00,ESP32_Node_1,NORMAL,2.309,128.23,0.506,7.188,361.245,2.023
2026-08-07T10:54:49.506102+00:00,ESP32_Node_3,WATER_QUALITY,2.269,111.989,0.45,8.281,365.242,2.747
2026-08-07T11:01:49.506102+00:00,ESP32_Node_3,NORMAL,2.625,101.894,0.61,7.179,302.563,1.218
2026-08-07T11:08:49.506102+00:00,ESP32_Node_1,NORMAL,2.542,111.064,0.501,7.111,318.973,1.45
2026-08-07T11:12:49.506102+00:00,ESP32_Node_3,LEAK,1.84,149.299,1.922,7.075,269.638,2.294
2026-08-07T11:52:49.506102+00:00,ESP32_Node_4,NORMAL,2.665,109.116,0.711,7.146,319.252,1.458
2026-08-07T12:17:49.506102+00:00,ESP32_Node_2,WATER_QUALITY,2.792,119.013,0.677,7.2,518.215,1.981
2026-08-07T12:22:49.506102+00:00,ESP32_Node_4,NORMAL,2.62,121.056,0.568,7.285,277.645,1.492
2026-08-07T12:31:49.506102+00:00,ESP32_Node_3,NORMAL,2.502,120.762,0.375,7.131,298.951,2.125
2026-08-07T12:46:49.506102+00:00,ESP32_Node_2,NORMAL,2.365,126.434,0.494,7.146,333.648,1.937
2026-08-07T12:51:49.506102+00:00,ESP32_Node_4,NORMAL,2.598,129.861,0.323,7.003,327.472,1.52
2026-08-07T13:05:49.506102+00:00,ESP32_Node_2,NORMAL,2.526,107.119,0.766,7.142,300.428,2.315
2026-08-07T13:07:49.506102+00:00,ESP32_Node_3,NORMAL,2.65,104.97,0.496,7.156,318.382,2.181
2026-08-07T13:10:49.506102+00:00,ESP32_Node_4,NORMAL,2.515,103.866,0.595,6.998,271.717,2.0
2026-08-07T13:12:49.506102+00:00,ESP32_Node_1,NORMAL,2.945,144.158,0.602,7.219,291.879,1.24
2026-08-07T13:14:49.506102+00:00,ESP32_Node_4,WATER_QUALITY,2.063,91.901,0.583,7.923,346.184,1.89
2026-08-07T13:40:49.506102+00:00,ESP32_Node_4,NORMAL,2.617,112.572,0.426,7.085,294.961,1.884
2026-08-07T14:00:49.506102+00:00,ESP32_Node_4,EARLY_ANOMALY,2.394,150.283,0.771,7.146,320.412,2.77
2026-08-07T15:06:49.506102+00:00,ESP32_Node_1,LEAK,1.429,176.356,1.994,7.353,349.899,1.608
2026-08-07T15:19:49.506102+00:00,ESP32_Node_1,LEAK,1.567,152.637,1.183,7.125,325.281,1.919
2026-08-07T15:20:49.506102+00:00,ESP32_Node_3,SENSOR_FAULT,2.401,0.0,0.329,7.314,310.223,2.013
2026-08-07T15:55:49.506102+00:00,ESP32_Node_3,NORMAL,2.446,135.509,0.533,7.092,308.99,1.548
2026-08-07T15:59:49.506102+00:00,ESP32_Node_2,LEAK,1.604,199.085,1.811,7.229,296.266,2.667
2026-08-07T16:02:49.506102+00:00,ESP32_Node_4,NORMAL,2.352,123.542,0.616,6.945,271.9,1.898
2026-08-07T16:08:49.506102+00:00,ESP32_Node_3,NORMAL,2.6,120.657,0.677,7.012,313.46,1.941
2026-08-07T16:34:49.506102+00:00,ESP32_Node_2,NORMAL,2.766,96.414,0.655,7.121,323.815,2.049
2026-08-07T16:50:49.506102+00:00,ESP32_Node_1,SENSOR_FAULT,2.587,122.853,0.538,7.027,327.583,40.0
2026-08-07T17:52:49.506102+00:00,ESP32_Node_3,WATER_QUALITY,2.432,100.362,0.331,8.444,294.738,2.36
2026-08-07T17:58:49.506102+00:00,ESP32_Node_4,EARLY_ANOMALY,2.197,112.293,1.491,6.992,358.483,2.184
2026-08-07T19:12:49.506102+00:00,ESP32_Node_4,NORMAL,2.364,98.216,0.544,7.149,340.641,1.499
2026-08-07T19:37:49.506102+00:00,ESP32_Node_1,EARLY_ANOMALY,2.297,118.828,1.299,7.418,366.605,1.982
2026-08-07T19:55:49.506102+00:00,ESP32_Node_4,WATER_QUALITY,2.469,124.341,0.5,6.179,282.481,1.617
2026-08-07T20:26:49.506102+00:00,ESP32_Node_1,NORMAL,2.469,110.562,0.347,7.256,340.191,1.87
2026-08-07T20:52:49.506102+00:00,ESP32_Node_4,NORMAL,2.778,132.74,0.581,7.175,313.015,1.457
2026-08-07T21:00:49.506102+00:00,ESP32_Node_1,SENSOR_FAULT,2.425,121.652,0.595,11.5,332.552,2.252
2026-08-07T21:07:49.506102+00:00,ESP32_Node_1,SENSOR_FAULT,2.771,137.266,0.604,6.92,285.587,40.0
2026-08-07T22:04:49.506102+00:00,ESP32_Node_4,WATER_QUALITY,2.711,137.165,0.741,6.47,354.061,1.667
2026-08-07T22:09:49.506102+00:00,ESP32_Node_4,SENSOR_FAULT,2.778,350.0,0.604,7.168,344.711,1.619
2026-08-07T22:37:49.506102+00:00,ESP32_Node_2,NORMAL,2.563,136.661,0.548,7.244,312.487,1.564
2026-08-07T22:38:49.506102+00:00,ESP32_Node_1,LEAK,1.592,146.509,1.337,7.127,307.067,2.452
2026-08-07T22:57:49.506102+00:00,ESP32_Node_4,WATER_QUALITY,2.417,118.548,0.626,5.99,319.806,1.695
2026-08-07T23:37:49.506102+00:00,ESP32_Node_1,SENSOR_FAULT,2.573,127.623,0.0,7.245,330.307,1.867
2026-08-07T23:50:49.506102+00:00,ESP32_Node_2,NORMAL,2.7,120.155,0.406,7.016,289.659,1.6
2026-08-08T00:15:49.506102+00:00,ESP32_Node_1,WATER_QUALITY,2.326,101.736,0.477,8.448,342.509,2.76
2026-08-08T00:21:49.506102+00:00,ESP32_Node_1,NORMAL,2.435,107.774,0.603,7.154,310.362,1.443
2026-08-08T01:09:49.506102+00:00,ESP32_Node_1,LEAK,1.979,156.061,1.549,7.249,317.13,1.507
2026-08-08T01:33:49.506102+00:00,ESP32_Node_1,LEAK,1.73,176.581,1.487,7.336,347.735,1.856
2026-08-08T02:10:49.506102+00:00,ESP32_Node_2,WATER_QUALITY,2.246,119.471,0.638,5.68,340.746,2.149
2026-08-08T02:32:49.506102+00:00,ESP32_Node_4,WATER_QUALITY,2.329,115.684,0.617,8.625,356.797,1.717
2026-08-08T03:13:49.506102+00:00,ESP32_Node_2,NORMAL,2.507,130.879,0.489,7.299,314.701,1.776
2026-08-08T03:22:49.506102+00:00,ESP32_Node_4,WATER_QUALITY,2.552,106.118,0.384,7.119,316.976,5.246
2026-08-08T03:46:49.506102+00:00,ESP32_Node_3,NORMAL,2.522,126.159,0.711,7.354,324.544,0.84
2026-08-08T03:58:49.506102+00:00,ESP32_Node_2,NORMAL,2.448,118.463,0.46,7.138,300.253,1.544
2026-08-08T04:38:49.506102+00:00,ESP32_Node_1,LEAK,1.564,159.526,1.558,7.157,315.225,1.709
2026-08-08T04:46:49.506102+00:00,ESP32_Node_2,LEAK,1.313,200.9,1.577,7.054,336.984,2.13
2026-08-08T05:36:49.506102+00:00,ESP32_Node_4,NORMAL,2.413,119.785,0.584,7.162,333.012,1.577
2026-08-08T05:41:49.506102+00:00,ESP32_Node_4,LEAK,1.641,146.851,1.578,7.098,302.956,2.187
2026-08-08T05:48:49.506102+00:00,ESP32_Node_1,NORMAL,2.576,134.178,0.78,7.204,310.851,2.095
2026-08-08T05:49:49.506102+00:00,ESP32_Node_3,WATER_QUALITY,2.611,115.77,0.522,6.975,336.319,4.055
2026-08-08T06:33:49.506102+00:00,ESP32_Node_2,NORMAL,2.52,145.094,0.547,7.092,307.001,1.936
2026-08-08T06:55:49.506102+00:00,ESP32_Node_3,LEAK,1.975,151.687,2.116,7.03,312.601,1.845
2026-08-08T07:07:49.506102+00:00,ESP32_Node_2,NORMAL,2.603,105.372,0.374,7.146,280.894,1.6
2026-08-08T07:35:49.506102+00:00,ESP32_Node_3,WATER_QUALITY,2.562,138.081,0.307,6.065,316.835,1.695
2026-08-08T08:06:49.506102+00:00,ESP32_Node_1,LEAK,1.865,190.952,1.469,7.329,284.389,2.032
2026-08-08T09:04:49.506102+00:00,ESP32_Node_1,LEAK,1.746,160.283,1.961,7.224,352.86,1.362
2026-08-08T09:12:49.506102+00:00,ESP32_Node_1,SENSOR_FAULT,2.49,104.204,7.0,7.244,294.646,1.709
2026-08-08T09:16:49.506102+00:00,ESP32_Node_3,LEAK,1.767,171.089,1.85,6.966,255.273,2.284
2026-08-08T09:32:49.506102+00:00,ESP32_Node_1,NORMAL,2.699,111.566,0.636,7.002,295.815,1.845
2026-08-08T09:33:49.506102+00:00,ESP32_Node_1,NORMAL,2.263,120.386,0.59,7.328,274.051,1.986
2026-08-08T10:02:49.506102+00:00,ESP32_Node_2,NORMAL,2.658,138.66,0.478,7.099,295.452,1.596
2026-08-08T10:20:49.506102+00:00,ESP32_Node_4,NORMAL,2.565,122.849,0.475,7.073,279.292,1.731
2026-08-08T10:42:49.506102+00:00,ESP32_Node_1,SENSOR_FAULT,2.469,0.0,0.7,7.001,294.914,1.784
2026-08-08T11:06:49.506102+00:00,ESP32_Node_3,SENSOR_FAULT,2.509,138.535,0.481,2.5,348.023,2.332
2026-08-08T11:10:49.506102+00:00,ESP32_Node_1,NORMAL,2.601,106.119,0.606,7.168,309.846,1.83
2026-08-08T11:25:49.506102+00:00,ESP32_Node_1,LEAK,1.719,186.11,1.546,7.073,321.677,2.077
2026-08-08T11:34:49.506102+00:00,ESP32_Node_3,EARLY_ANOMALY,2.193,123.947,1.072,7.179,298.407,2.349
2026-08-08T11:37:49.506102+00:00,ESP32_Node_3,NORMAL,2.636,110.514,0.562,7.02,324.951,1.067
2026-08-08T11:49:49.506102+00:00,ESP32_Node_4,NORMAL,2.391,137.388,0.232,7.262,345.249,2.198
2026-08-08T13:47:49.506102+00:00,ESP32_Node_2,WATER_QUALITY,2.699,121.619,0.563,6.789,439.905,6.346
2026-08-08T13:57:49.506102+00:00,ESP32_Node_4,NORMAL,2.456,113.553,0.495,7.105,316.968,1.714
2026-08-08T14:22:49.506102+00:00,ESP32_Node_2,LEAK,1.498,160.338,2.283,7.245,323.766,1.842
2026-08-08T14:37:49.506102+00:00,ESP32_Node_3,LEAK,1.877,159.0,1.682,7.338,283.401,1.193
2026-08-08T15:13:49.506102+00:00,ESP32_Node_4,WATER_QUALITY,2.52,110.92,0.646,8.026,356.624,2.381
2026-08-08T16:11:49.506102+00:00,ESP32_Node_4,LEAK,1.767,172.608,2.211,7.299,293.415,2.432
2026-08-08T16:31:49.506102+00:00,ESP32_Node_4,EARLY_ANOMALY,2.172,144.535,1.097,7.204,314.223,1.768
2026-08-08T16:33:49.506102+00:00,ESP32_Node_2,NORMAL,2.335,120.042,0.224,7.101,361.11,1.633
2026-08-08T16:45:49.506102+00:00,ESP32_Node_2,NORMAL,2.455,112.12,0.598,7.22,338.355,2.122
2026-08-08T17:03:49.506102+00:00,ESP32_Node_4,EARLY_ANOMALY,2.162,134.754,1.181,7.391,308.96,2.536
2026-08-08T17:53:49.506102+00:00,ESP32_Node_4,NORMAL,2.488,121.175,0.664,6.944,291.147,1.739
2026-08-08T18:09:49.506102+00:00,ESP32_Node_3,NORMAL,2.597,97.936,0.4,7.288,343.862,1.844
2026-08-08T18:11:49.506102+00:00,ESP32_Node_1,WATER_QUALITY,2.453,120.025,0.556,7.255,647.896,2.624
2026-08-08T18:23:49.506102+00:00,ESP32_Node_2,NORMAL,2.247,130.683,0.357,7.247,281.382,2.036
2026-08-08T19:12:49.506102+00:00,ESP32_Node_2,EARLY_ANOMALY,2.046,152.723,1.038,7.071,353.098,3.005
2026-08-08T19:13:49.506102+00:00,ESP32_Node_4,NORMAL,2.691,121.39,0.603,7.018,334.357,1.016
2026-08-08T19:14:49.506102+00:00,ESP32_Node_2,LEAK,1.687,176.453,1.241,7.015,320.905,2.027
2026-08-08T19:28:49.506102+00:00,ESP32_Node_3,NORMAL,2.354,113.948,0.727,7.095,288.648,1.041
2026-08-08T20:00:49.506102+00:00,ESP32_Node_1,NORMAL,2.75,99.707,0.615,7.153,298.178,1.45
2026-08-08T20:06:49.506102+00:00,ESP32_Node_4,NORMAL,2.509,117.382,0.462,7.023,311.582,1.75
2026-08-08T20:08:49.506102+00:00,ESP32_Node_4,LEAK,1.902,169.285,1.568,6.986,266.702,2.034
2026-08-08T20:11:49.506102+00:00,ESP32_Node_1,NORMAL,2.752,108.249,0.461,7.101,320.465,2.199
2026-08-08T20:14:49.506102+00:00,ESP32_Node_3,LEAK,1.841,176.203,1.316,7.254,302.554,2.496
2026-08-08T20:24:49.506102+00:00,ESP32_Node_1,WATER_QUALITY,2.531,125.425,0.499,7.305,532.945,1.511
2026-08-08T20:28:49.506102+00:00,ESP32_Node_3,WATER_QUALITY,2.633,120.309,0.683,6.822,395.301,6.288
2026-08-08T20:35:49.506102+00:00,ESP32_Node_2,WATER_QUALITY,2.0,100.394,0.45,6.968,326.2,6.084
2026-08-08T20:40:49.506102+00:00,ESP32_Node_2,SENSOR_FAULT,2.556,117.756,0.626,3.2,336.615,1.674
2026-08-08T20:55:49.506102+00:00,ESP32_Node_1,LEAK,1.445,133.37,1.352,7.216,339.565,1.718
2026-08-08T21:02:49.506102+00:00,ESP32_Node_3,NORMAL,2.511,109.981,0.672,7.17,293.796,1.705
2026-08-08T21:07:49.506102+00:00,ESP32_Node_1,NORMAL,2.759,119.386,0.443,7.185,319.587,2.227
2026-08-08T21:26:49.506102+00:00,ESP32_Node_3,WATER_QUALITY,2.707,119.367,0.447,6.968,303.425,6.354
2026-08-08T21:33:49.506102+00:00,ESP32_Node_4,NORMAL,2.762,110.522,0.515,7.054,311.298,2.008
2026-08-08T21:43:49.506102+00:00,ESP32_Node_2,NORMAL,2.296,120.195,0.454,7.146,341.282,0.855
2026-08-08T21:50:49.506102+00:00,ESP32_Node_4,WATER_QUALITY,2.787,119.403,0.661,6.014,304.706,2.081
2026-08-08T22:10:49.506102+00:00,ESP32_Node_2,SENSOR_FAULT,2.32,102.289,0.02,7.295,314.515,1.804
2026-08-08T22:13:49.506102+00:00,ESP32_Node_4,WATER_QUALITY,2.53,138.849,0.531,6.306,353.52,2.221
2026-08-08T22:38:49.506102+00:00,ESP32_Node_1,NORMAL,2.41,107.072,0.556,7.017,307.406,1.571
2026-08-08T22:41:49.506102+00:00,ESP32_Node_3,LEAK,2.118,146.26,1.952,7.02,328.426,2.442
2026-08-08T23:01:49.506102+00:00,ESP32_Node_1,EARLY_ANOMALY,2.323,125.346,0.991,7.206,356.81,1.5
2026-08-08T23:08:49.506102+00:00,ESP32_Node_4,LEAK,1.868,176.05,1.566,7.261,330.749,2.23
2026-08-08T23:30:49.506102+00:00,ESP32_Node_2,LEAK,1.76,186.933,1.546,7.286,333.845,1.885
2026-08-08T23:32:49.506102+00:00,ESP32_Node_4,LEAK,1.348,175.865,1.579,7.131,331.273,2.526
2026-08-09T00:29:49.506102+00:00,ESP32_Node_1,LEAK,1.921,175.353,1.487,6.995,347.273,2.075
2026-08-09T00:53:49.506102+00:00,ESP32_Node_4,NORMAL,2.542,121.43,0.496,7.063,326.805,1.896
2026-08-09T01:04:49.506102+00:00,ESP32_Node_2,NORMAL,2.545,96.649,0.703,7.089,305.05,1.614
2026-08-09T01:11:49.506102+00:00,ESP32_Node_3,LEAK,1.633,165.175,1.259,6.999,296.67,2.697
2026-08-09T01:50:49.506102+00:00,ESP32_Node_1,WATER_QUALITY,2.293,107.196,0.459,7.082,344.997,5.5
2026-08-09T01:58:49.506102+00:00,ESP32_Node_4,NORMAL,2.67,129.969,0.399,7.125,294.853,2.236
2026-08-09T02:01:49.506102+00:00,ESP32_Node_3,WATER_QUALITY,2.577,117.513,0.623,7.395,354.405,7.259
2026-08-09T02:13:49.506102+00:00,ESP32_Node_2,WATER_QUALITY,2.325,109.272,0.345,7.069,341.582,5.987
2026-08-09T02:26:49.506102+00:00,ESP32_Node_1,NORMAL,2.737,128.445,0.405,7.269,286.264,1.194
2026-08-09T03:00:49.506102+00:00,ESP32_Node_1,WATER_QUALITY,2.489,121.883,0.505,6.396,366.156,2.018
2026-08-09T03:14:49.506102+00:00,ESP32_Node_1,NORMAL,2.598,118.628,0.664,7.101,305.88,1.295
2026-08-09T03:25:49.506102+00:00,ESP32_Node_1,WATER_QUALITY,2.588,128.488,0.604,6.241,350.396,2.222
2026-08-09T03:29:49.506102+00:00,ESP32_Node_3,WATER_QUALITY,2.45,95.649,0.68,8.391,307.358,1.955
2026-08-09T03:56:49.506102+00:00,ESP32_Node_3,NORMAL,2.481,99.362,0.429,7.251,314.091,1.215
2026-08-09T04:13:49.506102+00:00,ESP32_Node_3,LEAK,1.911,161.943,1.427,7.049,339.279,1.381
2026-08-09T05:01:49.506102+00:00,ESP32_Node_4,LEAK,1.866,188.406,1.873,7.127,300.425,2.091
2026-08-09T06:32:49.506102+00:00,ESP32_Node_2,NORMAL,2.781,121.264,0.704,7.313,277.331,0.904
2026-08-09T06:47:49.506102+00:00,ESP32_Node_1,SENSOR_FAULT,0.0,123.7,0.636,7.219,315.763,1.545
2026-08-09T07:02:49.506102+00:00,ESP32_Node_3,LEAK,1.774,185.994,1.553,7.221,311.418,1.934
2026-08-09T07:14:49.506102+00:00,ESP32_Node_4,WATER_QUALITY,2.476,126.479,0.507,7.886,361.26,2.025
2026-08-09T07:14:49.506102+00:00,ESP32_Node_1,NORMAL,2.127,136.571,0.2,7.286,280.929,1.224
2026-08-09T07:59:49.506102+00:00,ESP32_Node_1,EARLY_ANOMALY,2.441,118.369,1.372,7.075,327.292,3.107
2026-08-09T08:03:49.506102+00:00,ESP32_Node_3,NORMAL,2.541,114.019,0.638,7.097,285.799,1.883
2026-08-09T08:16:49.506102+00:00,ESP32_Node_3,SENSOR_FAULT,2.233,108.411,0.507,7.018,316.452,40.0
2026-08-09T08:29:49.506102+00:00,ESP32_Node_4,SENSOR_FAULT,2.731,115.521,0.347,7.262,1200.0,1.504
2026-08-09T09:27:49.506102+00:00,ESP32_Node_2,NORMAL,2.73,129.809,0.635,7.099,281.0,1.848
2026-08-09T10:11:49.506102+00:00,ESP32_Node_2,WATER_QUALITY,2.58,122.959,0.714,7.338,545.347,2.666
2026-08-09T10:25:49.506102+00:00,ESP32_Node_2,LEAK,1.805,188.332,1.884,7.194,336.253,1.987
2026-08-09T10:46:49.506102+00:00,ESP32_Node_3,WATER_QUALITY,2.299,110.222,0.353,6.948,651.424,2.545
2026-08-09T11:12:49.506102+00:00,ESP32_Node_2,WATER_QUALITY,2.511,125.73,0.698,6.621,545.222,6.66
2026-08-09T11:23:49.506102+00:00,ESP32_Node_2,EARLY_ANOMALY,2.391,125.777,1.149,7.117,288.661,3.258
2026-08-09T11:46:49.506102+00:00,ESP32_Node_2,EARLY_ANOMALY,2.329,130.442,1.373,7.245,329.191,2.456
2026-08-09T11:49:49.506102+00:00,ESP32_Node_2,NORMAL,2.444,120.954,0.426,7.23,250,1.252
2026-08-09T12:38:49.506102+00:00,ESP32_Node_1,EARLY_ANOMALY,2.361,111.225,1.071,7.146,315.788,2.35
2026-08-09T13:16:49.506102+00:00,ESP32_Node_3,WATER_QUALITY,2.266,129.693,0.293,6.921,518.372,1.493
2026-08-09T13:20:49.506102+00:00,ESP32_Node_2,NORMAL,2.429,107.051,0.518,7.088,331.725,2.108
2026-08-09T13:22:49.506102+00:00,ESP32_Node_1,NORMAL,2.688,95.124,0.42,7.172,296.144,1.195
2026-08-09T13:27:49.506102+00:00,ESP32_Node_4,SENSOR_FAULT,5.5,117.081,0.607,7.186,307.825,1.55
2026-08-09T13:34:49.506102+00:00,ESP32_Node_4,NORMAL,2.683,108.065,0.429,7.263,314.368,0.833
2026-08-09T13:37:49.506102+00:00,ESP32_Node_4,NORMAL,2.451,130.673,0.489,7.085,351.149,1.973
2026-08-09T13:56:49.506102+00:00,ESP32_Node_2,NORMAL,2.533,119.071,0.547,7.331,290.377,2.559
2026-08-09T14:21:49.506102+00:00,ESP32_Node_2,NORMAL,2.636,128.411,0.554,7.343,300.482,1.821
2026-08-09T14:22:49.506102+00:00,ESP32_Node_3,NORMAL,2.484,136.62,0.665,7.212,298.416,2.214
2026-08-09T14:36:49.506102+00:00,ESP32_Node_3,LEAK,1.873,192.192,1.354,6.814,310.311,1.871
2026-08-09T14:39:49.506102+00:00,ESP32_Node_3,LEAK,1.766,160.818,2.3,7.075,318.092,2.193
2026-08-09T14:50:49.506102+00:00,ESP32_Node_2,NORMAL,2.737,126.437,0.495,7.112,300.957,1.895
2026-08-09T15:02:49.506102+00:00,ESP32_Node_3,LEAK,1.92,159.45,1.454,7.2,356.948,2.579
2026-08-09T15:13:49.506102+00:00,ESP32_Node_1,SENSOR_FAULT,2.454,350.0,0.701,7.139,302.273,1.548
2026-08-09T15:21:49.506102+00:00,ESP32_Node_4,LEAK,1.854,156.029,2.041,7.104,338.382,2.025
2026-08-09T16:03:49.506102+00:00,ESP32_Node_4,SENSOR_FAULT,2.578,116.275,0.537,7.124,1200.0,1.589
2026-08-09T16:42:49.506102+00:00,ESP32_Node_1,NORMAL,2.469,91.876,0.628,7.165,321.706,0.995
2026-08-09T17:35:49.506102+00:00,ESP32_Node_4,NORMAL,2.322,125.135,0.538,6.909,278.35,1.98
2026-08-09T17:43:49.506102+00:00,ESP32_Node_1,NORMAL,2.739,136.499,0.712,6.987,292.917,0.939
2026-08-09T18:03:49.506102+00:00,ESP32_Node_1,LEAK,1.492,179.8,1.605,7.166,331.493,2.404
2026-08-09T18:29:49.506102+00:00,ESP32_Node_3,LEAK,1.613,147.36,1.537,7.132,293.196,1.472
2026-08-09T18:40:49.506102+00:00,ESP32_Node_4,LEAK,1.869,202.767,2.207,7.126,312.022,1.616
2026-08-09T18:53:49.506102+00:00,ESP32_Node_3,EARLY_ANOMALY,1.878,128.304,1.087,6.997,377.608,2.002
2026-08-09T19:17:49.506102+00:00,ESP32_Node_1,NORMAL,2.754,145.432,0.342,7.125,307.571,1.492
2026-08-09T19:27:49.506102+00:00,ESP32_Node_2,NORMAL,2.29,149.589,0.826,6.967,337.24,2.246
2026-08-09T19:54:49.506102+00:00,ESP32_Node_1,LEAK,1.845,149.24,1.236,7.224,316.339,2.728
2026-08-09T20:00:49.506102+00:00,ESP32_Node_3,LEAK,1.888,165.814,1.865,6.931,294.012,2.232
2026-08-09T20:00:49.506102+00:00,ESP32_Node_1,WATER_QUALITY,2.266,127.351,0.708,6.952,335.953,5.346
2026-08-09T20:14:49.506102+00:00,ESP32_Node_4,WATER_QUALITY,2.547,128.921,0.463,7.158,304.4,7.016
2026-08-09T20:49:49.506102+00:00,ESP32_Node_1,SENSOR_FAULT,2.452,114.239,0.434,11.5,334.731,1.971
2026-08-09T21:19:49.506102+00:00,ESP32_Node_2,NORMAL,2.26,112.116,0.47,7.23,299.307,2.39
2026-08-09T21:37:49.506102+00:00,ESP32_Node_3,LEAK,1.352,173.42,1.036,7.032,299.872,2.131
2026-08-09T22:15:49.506102+00:00,ESP32_Node_4,WATER_QUALITY,2.504,117.239,0.553,5.986,320.599,2.864
2026-08-09T22:31:49.506102+00:00,ESP32_Node_4,NORMAL,2.622,132.223,0.583,7.122,325.442,1.056
2026-08-09T23:05:49.506102+00:00,ESP32_Node_3,SENSOR_FAULT,2.671,138.425,4.5,7.178,332.209,1.854
2026-08-09T23:55:49.506102+00:00,ESP32_Node_3,WATER_QUALITY,2.395,122.159,0.659,7.1,325.463,7.044
2026-08-10T00:04:49.506102+00:00,ESP32_Node_4,NORMAL,2.447,108.852,0.582,7.135,306.494,1.523
2026-08-10T00:07:49.506102+00:00,ESP32_Node_3,WATER_QUALITY,2.365,120.143,0.559,5.5,334.103,2.608
2026-08-10T00:08:49.506102+00:00,ESP32_Node_1,NORMAL,2.731,100.42,0.663,7.126,330.623,1.575
2026-08-10T00:10:49.506102+00:00,ESP32_Node_2,WATER_QUALITY,2.641,140.239,0.428,6.068,326.058,2.623
2026-08-10T00:23:49.506102+00:00,ESP32_Node_3,EARLY_ANOMALY,2.403,172.685,0.789,7.086,281.342,2.746
2026-08-10T01:17:49.506102+00:00,ESP32_Node_2,NORMAL,2.413,109.968,0.64,7.282,336.183,1.479
2026-08-10T02:20:49.506102+00:00,ESP32_Node_3,NORMAL,2.64,111.953,0.66,7.143,280.079,2.052
2026-08-10T03:05:49.506102+00:00,ESP32_Node_4,NORMAL,2.727,112.125,0.7,7.124,320.922,1.895
2026-08-10T03:21:49.506102+00:00,ESP32_Node_1,LEAK,1.749,198.186,1.563,7.105,276.933,2.911
2026-08-10T03:21:49.506102+00:00,ESP32_Node_2,NORMAL,2.556,116.133,0.481,7.301,327.619,1.63
2026-08-10T04:25:49.506102+00:00,ESP32_Node_2,NORMAL,2.347,116.983,0.569,7.091,349.143,2.037
2026-08-10T05:24:49.506102+00:00,ESP32_Node_3,NORMAL,2.935,127.816,0.79,7.258,289.673,1.218
2026-08-10T05:28:49.506102+00:00,ESP32_Node_1,EARLY_ANOMALY,2.242,140.755,0.961,7.125,330.209,2.011
2026-08-10T05:49:49.506102+00:00,ESP32_Node_4,LEAK,1.592,169.046,1.176,7.062,292.679,1.495
2026-08-10T05:51:49.506102+00:00,ESP32_Node_3,LEAK,1.815,175.468,2.176,7.138,278.154,2.341
2026-08-10T06:32:49.506102+00:00,ESP32_Node_3,WATER_QUALITY,2.668,127.63,0.565,6.647,404.349,7.15
2026-08-10T06:43:49.506102+00:00,ESP32_Node_1,SENSOR_FAULT,2.73,133.686,0.528,13.0,303.077,1.934
2026-08-10T07:00:49.506102+00:00,ESP32_Node_4,NORMAL,2.444,128.468,0.526,7.241,354.359,1.6
2026-08-10T07:01:49.506102+00:00,ESP32_Node_4,NORMAL,2.613,126.577,0.575,7.144,281.157,1.965
2026-08-10T07:07:49.506102+00:00,ESP32_Node_1,LEAK,1.641,174.847,1.537,7.343,314.981,1.256
2026-08-10T07:15:49.506102+00:00,ESP32_Node_1,SENSOR_FAULT,2.564,0.0,0.802,7.092,305.823,1.342
2026-08-10T07:21:49.506102+00:00,ESP32_Node_1,NORMAL,2.525,117.305,0.658,7.032,319.729,1.449
2026-08-10T08:00:49.506102+00:00,ESP32_Node_1,NORMAL,2.766,112.741,0.531,7.304,333.753,1.442
2026-08-10T08:30:49.506102+00:00,ESP32_Node_2,NORMAL,2.546,122.081,0.447,7.066,315.506,2.013
2026-08-10T08:45:49.506102+00:00,ESP32_Node_4,NORMAL,2.584,112.972,0.2,7.151,325.518,1.357
2026-08-10T08:46:49.506102+00:00,ESP32_Node_1,NORMAL,2.702,143.201,0.351,7.03,273.956,1.585
2026-08-10T08:51:49.506102+00:00,ESP32_Node_2,NORMAL,2.357,113.554,0.604,7.14,340.136,2.075
2026-08-10T08:54:49.506102+00:00,ESP32_Node_1,EARLY_ANOMALY,2.186,165.141,1.375,7.266,332.998,2.647
2026-08-10T09:21:49.506102+00:00,ESP32_Node_3,WATER_QUALITY,2.274,105.734,0.648,8.463,255.218,2.679
2026-08-10T09:27:49.506102+00:00,ESP32_Node_1,LEAK,1.552,155.802,1.181,6.999,311.425,2.222
2026-08-10T09:48:49.506102+00:00,ESP32_Node_4,LEAK,1.935,156.446,1.449,7.314,306.022,1.723
2026-08-10T10:00:49.506102+00:00,ESP32_Node_1,NORMAL,2.404,120.443,0.469,7.316,334.556,1.695
2026-08-10T10:17:49.506102+00:00,ESP32_Node_1,LEAK,2.15,157.977,1.824,6.886,340.682,1.929
2026-08-10T10:45:49.506102+00:00,ESP32_Node_4,NORMAL,2.421,111.357,0.602,7.359,317.189,1.838
2026-08-10T11:00:49.506102+00:00,ESP32_Node_4,LEAK,1.745,155.458,1.085,7.236,364.372,1.411
2026-08-10T11:03:49.506102+00:00,ESP32_Node_4,SENSOR_FAULT,2.106,104.799,0.64,7.448,2000.0,1.783
2026-08-10T11:29:49.506102+00:00,ESP32_Node_4,WATER_QUALITY,2.591,111.209,0.91,5.995,297.284,2.788
2026-08-10T11:39:49.506102+00:00,ESP32_Node_3,WATER_QUALITY,2.733,128.958,0.488,8.609,357.238,2.076
2026-08-10T12:13:49.506102+00:00,ESP32_Node_3,WATER_QUALITY,2.587,111.781,0.65,7.259,488.696,2.464
2026-08-10T12:21:49.506102+00:00,ESP32_Node_2,NORMAL,2.594,107.869,0.658,7.188,336.993,1.69
2026-08-10T12:53:49.506102+00:00,ESP32_Node_4,SENSOR_FAULT,2.458,109.065,0.0,7.072,340.611,2.306
2026-08-10T13:16:49.506102+00:00,ESP32_Node_1,LEAK,1.865,178.481,1.509,6.874,317.841,1.227
2026-08-10T13:32:49.506102+00:00,ESP32_Node_1,NORMAL,2.632,126.208,0.76,7.13,311.675,1.067
2026-08-10T13:37:49.506102+00:00,ESP32_Node_2,SENSOR_FAULT,0.05,118.738,0.767,7.165,330.9,1.347
2026-08-10T13:50:49.506102+00:00,ESP32_Node_2,NORMAL,2.411,103.901,0.368,7.032,272.148,1.446
2026-08-10T13:52:49.506102+00:00,ESP32_Node_3,LEAK,2.008,156.971,2.3,7.231,331.498,2.575
2026-08-10T14:11:49.506102+00:00,ESP32_Node_4,NORMAL,2.38,101.207,0.338,6.993,303.742,2.227
2026-08-10T14:13:49.506102+00:00,ESP32_Node_2,NORMAL,2.839,95.334,0.642,6.958,345.499,1.789
2026-08-10T14:42:49.506102+00:00,ESP32_Node_1,SENSOR_FAULT,2.475,0.0,0.629,7.109,312.133,2.202
2026-08-10T15:09:49.506102+00:00,ESP32_Node_1,NORMAL,2.642,131.544,0.426,7.219,324.641,1.647
2026-08-10T15:30:49.506102+00:00,ESP32_Node_3,NORMAL,2.744,120.968,0.553,7.096,303.766,2.122
2026-08-10T16:32:49.506102+00:00,ESP32_Node_3,SENSOR_FAULT,2.565,95.956,4.5,7.177,314.328,2.221
2026-08-10T16:56:49.506102+00:00,ESP32_Node_3,LEAK,1.632,135.55,1.084,7.122,328.45,2.314
2026-08-10T17:55:49.506102+00:00,ESP32_Node_2,WATER_QUALITY,2.401,135.005,0.394,8.405,335.154,2.011
2026-08-10T18:13:49.506102+00:00,ESP32_Node_4,LEAK,1.806,154.838,1.943,6.993,298.631,2.366
2026-08-10T18:38:49.506102+00:00,ESP32_Node_1,EARLY_ANOMALY,2.3,163.244,1.013,7.243,349.411,2.689
2026-08-10T18:48:49.506102+00:00,ESP32_Node_3,NORMAL,2.459,127.013,0.458,7.199,278.292,1.344
2026-08-10T19:16:49.506102+00:00,ESP32_Node_2,WATER_QUALITY,2.57,123.782,0.726,7.027,393.204,6.202
2026-08-10T19:17:49.506102+00:00,ESP32_Node_1,LEAK,1.547,160.154,1.277,6.791,316.206,1.602
2026-08-10T19:22:49.506102+00:00,ESP32_Node_2,WATER_QUALITY,2.052,128.437,0.616,8.353,407.258,1.18
2026-08-10T19:27:49.506102+00:00,ESP32_Node_4,NORMAL,2.729,119.659,0.652,7.069,328.565,1.888
2026-08-10T20:09:49.506102+00:00,ESP32_Node_1,NORMAL,2.687,132.827,0.556,7.124,344.841,1.949
2026-08-10T20:59:49.506102+00:00,ESP32_Node_4,NORMAL,2.566,119.727,0.607,7.18,331.016,1.532
2026-08-10T21:19:49.506102+00:00,ESP32_Node_3,LEAK,1.62,168.093,1.551,7.282,321.645,1.958
2026-08-10T22:08:49.506102+00:00,ESP32_Node_1,NORMAL,2.586,131.839,0.47,7.257,298.747,1.182
2026-08-10T22:46:49.506102+00:00,ESP32_Node_1,WATER_QUALITY,2.346,120.184,0.364,5.762,323.937,2.317
2026-08-10T23:10:49.506102+00:00,ESP32_Node_1,SENSOR_FAULT,2.414,112.487,0.02,6.907,332.356,1.886
2026-08-10T23:47:49.506102+00:00,ESP32_Node_1,NORMAL,2.526,132.389,0.646,7.101,303.304,2.116
2026-08-10T23:48:49.506102+00:00,ESP32_Node_4,LEAK,1.257,176.806,1.354,6.865,325.49,2.212
2026-08-11T00:50:49.506102+00:00,ESP32_Node_1,EARLY_ANOMALY,2.345,144.247,0.937,7.207,270.584,2.646
2026-08-11T00:56:49.506102+00:00,ESP32_Node_2,NORMAL,2.348,118.475,0.488,7.242,271.779,1.848
2026-08-11T01:00:49.506102+00:00,ESP32_Node_3,EARLY_ANOMALY,2.489,150.868,0.922,7.292,272.552,3.405
2026-08-11T01:08:49.506102+00:00,ESP32_Node_3,NORMAL,2.88,105.177,0.648,7.133,337.271,1.24
2026-08-11T01:30:49.506102+00:00,ESP32_Node_4,NORMAL,2.663,121.025,0.632,7.143,335.83,1.757
2026-08-11T01:37:49.506102+00:00,ESP32_Node_3,LEAK,1.701,144.144,1.989,7.073,346.476,1.735
2026-08-11T01:41:49.506102+00:00,ESP32_Node_4,NORMAL,2.943,103.669,0.294,7.104,282.812,1.418
2026-08-11T02:33:49.506102+00:00,ESP32_Node_2,NORMAL,2.455,122.5,0.717,7.104,345.166,1.585
2026-08-11T02:38:49.506102+00:00,ESP32_Node_3,NORMAL,2.303,107.417,0.664,7.099,291.628,1.758
2026-08-11T03:42:49.506102+00:00,ESP32_Node_4,SENSOR_FAULT,2.587,500.0,0.457,7.094,301.021,2.155
2026-08-11T04:58:49.506102+00:00,ESP32_Node_4,LEAK,1.94,159.245,1.448,7.097,343.793,2.843
2026-08-11T05:07:49.506102+00:00,ESP32_Node_2,LEAK,1.516,160.584,1.911,7.051,342.947,2.003
2026-08-11T05:30:49.506102+00:00,ESP32_Node_3,WATER_QUALITY,2.616,120.907,0.518,6.781,470.66,7.841
2026-08-11T05:34:49.506102+00:00,ESP32_Node_2,NORMAL,2.279,121.334,0.691,7.223,295.054,1.435
2026-08-11T05:42:49.506102+00:00,ESP32_Node_1,LEAK,1.633,174.061,1.816,7.34,299.99,2.165
2026-08-11T05:57:49.506102+00:00,ESP32_Node_3,WATER_QUALITY,2.36,126.64,0.793,6.952,327.149,7.748
2026-08-11T06:02:49.506102+00:00,ESP32_Node_3,SENSOR_FAULT,2.546,127.124,0.376,7.222,285.873,20.0
2026-08-11T06:08:49.506102+00:00,ESP32_Node_4,WATER_QUALITY,2.673,146.637,0.918,6.204,333.749,2.736
2026-08-11T06:45:49.506102+00:00,ESP32_Node_1,NORMAL,2.5,137.322,0.511,7.12,325.371,1.624
2026-08-11T07:32:49.506102+00:00,ESP32_Node_3,WATER_QUALITY,2.352,105.369,0.41,8.348,356.752,1.969
2026-08-11T08:27:49.506102+00:00,ESP32_Node_2,EARLY_ANOMALY,1.993,171.638,1.264,7.251,323.857,2.281
2026-08-11T08:34:49.506102+00:00,ESP32_Node_1,WATER_QUALITY,2.286,113.41,0.701,7.152,360.149,7.011
2026-08-11T09:03:49.506102+00:00,ESP32_Node_3,SENSOR_FAULT,2.623,106.957,0.645,7.089,25.0,2.041
2026-08-11T09:33:49.506102+00:00,ESP32_Node_1,NORMAL,2.795,107.455,0.685,7.229,314.087,1.591
2026-08-11T09:42:49.506102+00:00,ESP32_Node_2,WATER_QUALITY,2.362,107.567,0.207,7.004,627.274,1.585
2026-08-11T09:44:49.506102+00:00,ESP32_Node_2,WATER_QUALITY,2.93,105.855,0.567,6.809,277.299,8.889
2026-08-11T09:44:49.506102+00:00,ESP32_Node_4,SENSOR_FAULT,2.416,108.861,0.572,7.097,0.0,1.999
2026-08-11T10:16:49.506102+00:00,ESP32_Node_4,NORMAL,2.662,103.682,0.318,7.049,294.635,1.533
2026-08-11T10:38:49.506102+00:00,ESP32_Node_2,NORMAL,2.462,120.429,0.498,7.251,329.584,1.809
2026-08-11T11:11:49.506102+00:00,ESP32_Node_2,NORMAL,2.626,114.326,0.579,7.159,329.758,1.803
2026-08-11T11:14:49.506102+00:00,ESP32_Node_1,NORMAL,2.429,128.851,0.491,7.132,295.415,1.565
2026-08-11T11:42:49.506102+00:00,ESP32_Node_1,EARLY_ANOMALY,2.348,139.06,0.65,6.987,322.329,1.13
2026-08-11T11:51:49.506102+00:00,ESP32_Node_4,WATER_QUALITY,2.872,119.844,0.561,6.188,354.007,2.836
2026-08-11T12:26:49.506102+00:00,ESP32_Node_4,NORMAL,2.484,100.491,0.6,7.199,289.412,2.001
2026-08-11T12:30:49.506102+00:00,ESP32_Node_3,WATER_QUALITY,2.641,113.074,0.489,6.441,326.307,2.535
2026-08-11T12:40:49.506102+00:00,ESP32_Node_1,WATER_QUALITY,2.564,128.2,0.794,6.0,329.939,1.963
2026-08-11T12:42:49.506102+00:00,ESP32_Node_4,NORMAL,2.503,118.722,0.454,7.269,290.313,1.99
2026-08-11T13:25:49.506102+00:00,ESP32_Node_1,NORMAL,2.711,119.786,0.268,7.157,358.794,1.512
2026-08-11T13:27:49.506102+00:00,ESP32_Node_4,LEAK,1.608,169.885,1.36,7.036,279.481,2.523
2026-08-11T14:05:49.506102+00:00,ESP32_Node_3,LEAK,1.762,173.907,1.32,7.132,339.895,2.331
2026-08-11T14:57:49.506102+00:00,ESP32_Node_2,EARLY_ANOMALY,2.555,113.578,0.856,6.987,347.333,2.384
2026-08-11T15:00:49.506102+00:00,ESP32_Node_2,SENSOR_FAULT,5.5,115.511,0.375,6.957,321.507,1.724
2026-08-11T15:44:49.506102+00:00,ESP32_Node_4,WATER_QUALITY,2.447,116.23,0.764,8.568,341.768,2.175
2026-08-11T16:31:49.506102+00:00,ESP32_Node_2,WATER_QUALITY,2.555,90,0.755,6.108,330.293,1.88
2026-08-11T16:54:49.506102+00:00,ESP32_Node_1,SENSOR_FAULT,2.451,132.054,0.626,11.5,284.852,1.673
2026-08-11T17:33:49.506102+00:00,ESP32_Node_4,LEAK,1.749,190.784,1.576,7.159,331.476,1.599
2026-08-11T17:55:49.506102+00:00,ESP32_Node_3,WATER_QUALITY,2.396,123.855,0.583,6.324,287.793,3.026
2026-08-11T18:24:49.506102+00:00,ESP32_Node_1,NORMAL,2.325,121.321,0.626,7.277,327.58,1.708
2026-08-11T18:25:49.506102+00:00,ESP32_Node_4,LEAK,1.733,160.804,1.853,7.107,297.0,2.092
2026-08-11T18:45:49.506102+00:00,ESP32_Node_3,EARLY_ANOMALY,2.093,141.647,1.046,7.007,296.026,1.878
2026-08-11T18:47:49.506102+00:00,ESP32_Node_1,NORMAL,2.877,101.848,0.754,7.154,335.739,1.731
2026-08-11T19:13:49.506102+00:00,ESP32_Node_1,SENSOR_FAULT,2.583,90,0.02,7.16,331.258,1.971
2026-08-11T19:15:49.506102+00:00,ESP32_Node_3,NORMAL,2.618,123.614,0.538,7.332,311.134,1.478
2026-08-11T19:22:49.506102+00:00,ESP32_Node_1,WATER_QUALITY,2.376,106.797,0.624,8.424,253.67,1.853
2026-08-11T19:40:49.506102+00:00,ESP32_Node_4,LEAK,1.878,197.901,1.772,7.249,310.358,1.427
2026-08-11T19:46:49.506102+00:00,ESP32_Node_2,NORMAL,2.646,114.452,0.536,7.161,344.4,1.612
2026-08-11T20:10:49.506102+00:00,ESP32_Node_2,NORMAL,2.229,130.837,0.608,7.168,317.553,1.872
2026-08-11T20:52:49.506102+00:00,ESP32_Node_4,WATER_QUALITY,2.66,93.623,0.503,7.094,333.776,5.581
2026-08-11T22:15:49.506102+00:00,ESP32_Node_1,NORMAL,2.571,113.112,0.432,7.123,283.33,2.289
2026-08-11T23:04:49.506102+00:00,ESP32_Node_3,WATER_QUALITY,2.269,153.294,0.497,6.133,562.826,5.908
2026-08-11T23:06:49.506102+00:00,ESP32_Node_2,EARLY_ANOMALY,2.133,128.582,1.439,7.24,320.397,1.0
2026-08-11T23:13:49.506102+00:00,ESP32_Node_1,NORMAL,2.509,111.357,0.275,7.198,277.976,1.094
2026-08-11T23:26:49.506102+00:00,ESP32_Node_2,SENSOR_FAULT,2.603,99.615,0.0,7.205,317.159,1.671
2026-08-11T23:34:49.506102+00:00,ESP32_Node_4,WATER_QUALITY,2.476,92.67,0.547,7.01,551.457,2.65
2026-08-11T23:37:49.506102+00:00,ESP32_Node_1,SENSOR_FAULT,2.619,107.493,0.542,7.098,306.885,0.05
2026-08-11T23:38:49.506102+00:00,ESP32_Node_2,NORMAL,2.589,133.501,0.498,6.879,292.269,1.656
2026-08-12T00:06:49.506102+00:00,ESP32_Node_1,SENSOR_FAULT,2.563,119.683,0.573,7.08,318.512,20.0
2026-08-12T00:47:49.506102+00:00,ESP32_Node_4,WATER_QUALITY,2.605,146.325,0.454,8.371,376.544,1.889
2026-08-12T01:47:49.506102+00:00,ESP32_Node_4,WATER_QUALITY,2.476,129.121,0.824,6.824,343.059,6.51
2026-08-12T01:52:49.506102+00:00,ESP32_Node_2,LEAK,1.852,192.396,1.2,6.972,339.265,2.306
2026-08-12T02:23:49.506102+00:00,ESP32_Node_4,LEAK,1.606,135.68,1.493,7.07,319.073,2.252
2026-08-12T02:42:49.506102+00:00,ESP32_Node_1,WATER_QUALITY,2.481,128.257,0.481,7.402,606.061,3.035
2026-08-12T03:23:49.506102+00:00,ESP32_Node_4,NORMAL,2.677,111.322,0.55,7.308,284.886,1.178
2026-08-12T03:39:49.506102+00:00,ESP32_Node_4,LEAK,1.826,181.397,1.532,6.988,263.962,1.827
2026-08-12T04:28:49.506102+00:00,ESP32_Node_3,LEAK,1.914,169.512,1.627,6.862,323.896,2.225
2026-08-12T04:47:49.506102+00:00,ESP32_Node_4,LEAK,1.894,163.005,1.371,7.256,323.733,1.536
2026-08-12T04:54:49.506102+00:00,ESP32_Node_3,SENSOR_FAULT,2.414,117.195,0.597,7.024,326.352,20.0
2026-08-12T04:57:49.506102+00:00,ESP32_Node_1,WATER_QUALITY,2.58,115.848,0.549,7.203,290.349,5.553
2026-08-12T05:02:49.506102+00:00,ESP32_Node_3,NORMAL,2.715,123.536,0.334,7.127,289.819,0.934
2026-08-12T05:05:49.506102+00:00,ESP32_Node_3,NORMAL,2.438,102.769,0.426,6.989,277.06,1.154
2026-08-12T05:07:49.506102+00:00,ESP32_Node_4,NORMAL,2.541,111.248,0.555,7.228,315.44,2.359
2026-08-12T05:09:49.506102+00:00,ESP32_Node_4,LEAK,1.473,165.694,1.54,7.116,287.423,2.182
2026-08-12T06:01:49.506102+00:00,ESP32_Node_2,WATER_QUALITY,2.821,117.661,0.512,7.195,531.881,2.272
2026-08-12T07:21:49.506102+00:00,ESP32_Node_4,LEAK,1.639,175.873,1.766,7.378,296.967,2.46
2026-08-12T07:24:49.506102+00:00,ESP32_Node_2,SENSOR_FAULT,2.633,107.554,0.539,11.5,314.404,1.585
2026-08-12T08:17:49.506102+00:00,ESP32_Node_3,WATER_QUALITY,2.628,138.888,0.666,8.218,379.595,2.935
2026-08-12T08:35:49.506102+00:00,ESP32_Node_3,EARLY_ANOMALY,2.399,115.001,1.55,7.194,312.79,2.358
2026-08-12T08:53:49.506102+00:00,ESP32_Node_2,LEAK,1.62,154.475,1.255,7.212,297.457,2.102
2026-08-12T09:29:49.506102+00:00,ESP32_Node_3,EARLY_ANOMALY,2.187,134.533,0.931,6.99,259.341,1.772
2026-08-12T09:40:49.506102+00:00,ESP32_Node_1,NORMAL,2.67,139.548,0.69,6.994,370,1.236
2026-08-12T10:05:49.506102+00:00,ESP32_Node_2,SENSOR_FAULT,2.611,126.995,0.496,7.116,311.092,20.0
2026-08-12T10:06:49.506102+00:00,ESP32_Node_3,LEAK,1.783,169.562,1.218,6.98,335.043,2.057
2026-08-12T10:42:49.506102+00:00,ESP32_Node_2,EARLY_ANOMALY,2.288,150.423,1.55,7.006,301.344,2.906
2026-08-12T11:24:49.506102+00:00,ESP32_Node_2,NORMAL,2.777,136.143,0.598,7.332,317.287,1.996
2026-08-12T11:41:49.506102+00:00,ESP32_Node_4,WATER_QUALITY,2.378,99.152,0.537,8.324,317.531,1.901
2026-08-12T11:51:49.506102+00:00,ESP32_Node_1,EARLY_ANOMALY,1.8,118.385,1.341,7.246,278.904,2.251
2026-08-12T12:12:49.506102+00:00,ESP32_Node_3,LEAK,1.72,194.766,1.713,6.89,327.399,2.507
2026-08-12T12:37:49.506102+00:00,ESP32_Node_3,NORMAL,2.196,132.244,0.697,7.083,304.123,1.546
2026-08-12T13:11:49.506102+00:00,ESP32_Node_1,LEAK,1.299,158.0,1.126,7.261,357.786,2.03
2026-08-12T13:29:49.506102+00:00,ESP32_Node_3,LEAK,1.911,198.29,1.6,7.013,300.231,1.916
2026-08-12T13:49:49.506102+00:00,ESP32_Node_4,NORMAL,2.393,132.176,0.453,7.046,307.769,2.34
2026-08-12T14:53:49.506102+00:00,ESP32_Node_3,NORMAL,2.429,129.867,0.333,7.287,303.138,1.463
2026-08-12T14:54:49.506102+00:00,ESP32_Node_1,SENSOR_FAULT,7.0,120.302,0.331,7.384,339.119,1.496
2026-08-12T14:59:49.506102+00:00,ESP32_Node_3,SENSOR_FAULT,0.05,118.051,0.493,7.153,292.398,1.817
2026-08-12T15:01:49.506102+00:00,ESP32_Node_2,WATER_QUALITY,2.638,118.592,0.523,6.191,301.462,2.18
2026-08-12T16:36:49.506102+00:00,ESP32_Node_4,NORMAL,2.631,132.579,0.677,7.284,316.234,2.193
2026-08-12T16:48:49.506102+00:00,ESP32_Node_4,NORMAL,2.388,148.528,0.648,7.134,301.333,1.317
2026-08-12T17:10:49.506102+00:00,ESP32_Node_2,WATER_QUALITY,2.298,126.911,0.595,7.034,448.357,1.815
2026-08-12T17:28:49.506102+00:00,ESP32_Node_2,NORMAL,2.496,126.314,0.628,6.959,321.578,1.772
2026-08-12T17:36:49.506102+00:00,ESP32_Node_3,SENSOR_FAULT,2.664,144.163,7.0,7.241,287.201,1.814
2026-08-12T17:44:49.506102+00:00,ESP32_Node_3,NORMAL,2.645,139.754,0.365,7.14,285.317,1.353
2026-08-12T18:11:49.506102+00:00,ESP32_Node_1,WATER_QUALITY,2.301,114.457,0.901,8.94,313.139,2.432
2026-08-12T18:49:49.506102+00:00,ESP32_Node_3,SENSOR_FAULT,0.0,92.861,0.62,7.292,336.966,0.8
2026-08-12T19:08:49.506102+00:00,ESP32_Node_4,LEAK,1.851,151.307,1.448,7.356,262.253,1.594
2026-08-12T19:16:49.506102+00:00,ESP32_Node_2,NORMAL,2.155,109.456,0.496,7.079,301.94,1.806
2026-08-12T19:27:49.506102+00:00,ESP32_Node_1,LEAK,1.573,180.522,1.74,7.163,335.08,1.8
2026-08-12T19:30:49.506102+00:00,ESP32_Node_3,NORMAL,2.331,98.393,0.58,7.114,307.726,1.475
2026-08-12T19:44:49.506102+00:00,ESP32_Node_1,WATER_QUALITY,2.64,92.464,0.489,6.687,548.116,4.97
2026-08-12T19:54:49.506102+00:00,ESP32_Node_4,NORMAL,2.357,115.072,0.617,7.265,250,1.807
2026-08-12T20:20:49.506102+00:00,ESP32_Node_4,EARLY_ANOMALY,2.143,136.747,1.201,7.21,341.718,1.808
2026-08-12T20:38:49.506102+00:00,ESP32_Node_2,LEAK,1.509,164.115,1.486,7.135,323.5,2.398
2026-08-12T20:53:49.506102+00:00,ESP32_Node_2,SENSOR_FAULT,5.5,125.612,0.539,6.947,318.811,2.133
2026-08-12T21:01:49.506102+00:00,ESP32_Node_2,NORMAL,2.667,118.959,0.654,7.225,336.89,1.528
2026-08-12T21:12:49.506102+00:00,ESP32_Node_3,EARLY_ANOMALY,2.339,126.842,0.65,7.072,360.788,1.834
2026-08-12T21:39:49.506102+00:00,ESP32_Node_2,SENSOR_FAULT,2.528,0.0,0.628,7.237,282.473,1.933
2026-08-12T22:03:49.506102+00:00,ESP32_Node_3,NORMAL,2.463,140.309,0.435,6.948,342.261,1.484
2026-08-12T22:04:49.506102+00:00,ESP32_Node_3,LEAK,1.434,176.698,1.274,7.146,345.868,1.801
2026-08-12T22:18:49.506102+00:00,ESP32_Node_1,WATER_QUALITY,2.687,127.439,0.629,8.712,339.424,2.107
2026-08-12T22:34:49.506102+00:00,ESP32_Node_3,WATER_QUALITY,2.517,122.934,0.363,6.915,250,5.632
2026-08-12T23:52:49.506102+00:00,ESP32_Node_4,NORMAL,2.426,125.561,0.391,7.097,324.709,1.717
2026-08-13T00:07:49.506102+00:00,ESP32_Node_3,WATER_QUALITY,2.4,142.008,0.43,7.154,315.039,5.903
2026-08-13T00:22:49.506102+00:00,ESP32_Node_2,NORMAL,2.544,124.917,0.56,7.276,322.493,1.999
2026-08-13T00:51:49.506102+00:00,ESP32_Node_2,LEAK,1.565,176.774,1.231,6.882,326.928,2.278
2026-08-13T01:05:49.506102+00:00,ESP32_Node_4,NORMAL,2.237,139.63,0.615,7.127,305.044,1.127
2026-08-13T01:14:49.506102+00:00,ESP32_Node_4,WATER_QUALITY,2.684,124.578,0.656,6.938,513.924,5.391
2026-08-13T01:22:49.506102+00:00,ESP32_Node_1,SENSOR_FAULT,0.0,114.423,0.42,7.214,324.018,1.337
2026-08-13T01:25:49.506102+00:00,ESP32_Node_1,WATER_QUALITY,2.672,125.232,0.741,7.334,314.004,7.021
2026-08-13T01:47:49.506102+00:00,ESP32_Node_1,SENSOR_FAULT,2.745,112.374,0.02,7.192,280.292,1.364
2026-08-13T01:57:49.506102+00:00,ESP32_Node_4,LEAK,1.548,144.04,1.289,7.186,319.048,1.748
2026-08-13T02:10:49.506102+00:00,ESP32_Node_1,LEAK,1.909,164.921,1.621,7.3,337.563,2.705
2026-08-13T02:34:49.506102+00:00,ESP32_Node_2,NORMAL,2.404,143.165,0.424,7.148,330.018,1.813
2026-08-13T02:39:49.506102+00:00,ESP32_Node_4,LEAK,1.747,188.813,1.352,7.076,323.983,1.664
2026-08-13T03:22:49.506102+00:00,ESP32_Node_4,NORMAL,2.503,108.97,0.609,7.086,314.974,1.868
2026-08-13T03:30:49.506102+00:00,ESP32_Node_4,WATER_QUALITY,2.312,140.958,0.607,6.254,380,5.212
2026-08-13T03:32:49.506102+00:00,ESP32_Node_4,WATER_QUALITY,2.266,117.803,0.532,6.074,344.588,2.755
2026-08-13T03:38:49.506102+00:00,ESP32_Node_3,WATER_QUALITY,2.68,110.181,0.494,7.092,296.684,8.29
2026-08-13T03:43:49.506102+00:00,ESP32_Node_3,LEAK,2.08,136.075,1.134,6.869,309.763,1.692
2026-08-13T03:57:49.506102+00:00,ESP32_Node_2,SENSOR_FAULT,2.416,98.533,0.02,7.07,289.132,1.972
2026-08-13T04:08:49.506102+00:00,ESP32_Node_2,NORMAL,2.562,110.119,0.653,7.23,299.51,1.778
2026-08-13T04:36:49.506102+00:00,ESP32_Node_3,WATER_QUALITY,2.517,121.752,0.47,6.719,407.818,7.161
2026-08-13T04:44:49.506102+00:00,ESP32_Node_1,SENSOR_FAULT,2.403,350.0,0.528,7.093,302.132,1.161
2026-08-13T04:45:49.506102+00:00,ESP32_Node_2,NORMAL,2.513,108.217,0.495,7.065,329.472,1.474
2026-08-13T05:05:49.506102+00:00,ESP32_Node_1,NORMAL,2.687,123.378,0.761,7.138,321.5,2.333
2026-08-13T05:36:49.506102+00:00,ESP32_Node_2,LEAK,1.821,193.556,1.716,7.047,365.364,1.913
2026-08-13T05:48:49.506102+00:00,ESP32_Node_4,LEAK,1.775,190.903,1.58,7.285,365.073,2.227
2026-08-13T05:54:49.506102+00:00,ESP32_Node_1,SENSOR_FAULT,2.564,500.0,0.529,7.178,284.849,1.889
2026-08-13T06:15:49.506102+00:00,ESP32_Node_4,NORMAL,2.606,113.01,0.667,6.969,308.726,1.326
2026-08-13T07:01:49.506102+00:00,ESP32_Node_1,SENSOR_FAULT,2.668,117.77,7.0,7.157,269.076,2.237
2026-08-13T07:08:49.506102+00:00,ESP32_Node_2,NORMAL,2.61,111.578,0.462,7.12,337.971,2.064
2026-08-13T07:14:49.506102+00:00,ESP32_Node_3,LEAK,1.704,180.053,1.197,7.023,270.379,1.29
2026-08-13T07:32:49.506102+00:00,ESP32_Node_3,SENSOR_FAULT,2.325,123.912,0.0,7.359,318.53,1.496
2026-08-13T09:01:49.506102+00:00,ESP32_Node_4,LEAK,1.586,210.326,2.126,7.199,337.792,2.52
2026-08-13T09:23:49.506102+00:00,ESP32_Node_3,LEAK,1.665,193.661,1.338,7.191,312.573,2.578
2026-08-13T10:02:49.506102+00:00,ESP32_Node_1,EARLY_ANOMALY,1.947,129.671,1.388,7.293,357.799,1.733
2026-08-13T10:23:49.506102+00:00,ESP32_Node_1,WATER_QUALITY,2.441,128.715,0.534,5.563,326.543,2.73
2026-08-13T10:23:49.506102+00:00,ESP32_Node_2,WATER_QUALITY,2.102,105.818,0.548,5.716,365.752,2.031
2026-08-13T10:43:49.506102+00:00,ESP32_Node_4,LEAK,1.432,181.132,1.844,7.199,316.004,1.526
2026-08-13T10:43:49.506102+00:00,ESP32_Node_4,NORMAL,2.44,122.999,0.33,7.364,278.145,2.258
2026-08-13T10:44:49.506102+00:00,ESP32_Node_2,EARLY_ANOMALY,2.6,130.798,0.988,7.217,285.606,1.98
2026-08-13T11:00:49.506102+00:00,ESP32_Node_3,WATER_QUALITY,2.143,127.07,0.693,7.052,329.067,4.209
2026-08-13T11:58:49.506102+00:00,ESP32_Node_2,NORMAL,2.459,105.37,0.584,7.031,289.476,1.642
2026-08-13T12:31:49.506102+00:00,ESP32_Node_4,LEAK,1.672,155.802,1.553,7.315,342.352,1.391
2026-08-13T12:35:49.506102+00:00,ESP32_Node_2,WATER_QUALITY,2.637,109.343,0.61,6.02,330.285,2.502
2026-08-13T13:03:49.506102+00:00,ESP32_Node_1,LEAK,1.522,143.816,1.46,7.137,272.556,2.083
2026-08-13T14:07:49.506102+00:00,ESP32_Node_3,LEAK,1.472,126.752,1.452,6.964,346.331,1.736
2026-08-13T14:21:49.506102+00:00,ESP32_Node_3,NORMAL,2.747,128.027,0.336,7.131,284.357,1.348
2026-08-13T14:26:49.506102+00:00,ESP32_Node_1,NORMAL,2.369,122.504,0.602,7.114,331.793,1.531
2026-08-13T14:30:49.506102+00:00,ESP32_Node_2,SENSOR_FAULT,2.52,500.0,0.709,7.16,322.989,1.895
2026-08-13T14:55:49.506102+00:00,ESP32_Node_2,NORMAL,2.607,105.264,0.44,6.921,329.719,1.245
2026-08-13T15:22:49.506102+00:00,ESP32_Node_4,NORMAL,2.525,131.168,0.504,7.069,286.303,1.748
2026-08-13T15:37:49.506102+00:00,ESP32_Node_3,WATER_QUALITY,2.619,145.17,0.542,7.901,336.562,1.672
2026-08-13T15:54:49.506102+00:00,ESP32_Node_3,EARLY_ANOMALY,2.033,136.007,0.746,7.138,331.916,2.083
2026-08-13T15:56:49.506102+00:00,ESP32_Node_4,NORMAL,2.827,101.627,0.446,7.201,294.732,1.946
2026-08-13T15:59:49.506102+00:00,ESP32_Node_4,EARLY_ANOMALY,2.007,146.729,0.65,7.264,309.372,2.049
2026-08-13T16:11:49.506102+00:00,ESP32_Node_3,EARLY_ANOMALY,1.941,135.138,0.943,7.213,355.499,2.221
2026-08-13T16:39:49.506102+00:00,ESP32_Node_1,NORMAL,2.567,90,0.364,7.187,290.91,1.857
2026-08-13T16:54:49.506102+00:00,ESP32_Node_4,NORMAL,2.415,137.836,0.396,7.057,294.225,1.991
2026-08-13T17:21:49.506102+00:00,ESP32_Node_1,SENSOR_FAULT,2.412,133.126,4.5,7.084,334.4,1.592
2026-08-13T18:25:49.506102+00:00,ESP32_Node_4,NORMAL,2.572,140.954,0.58,7.071,284.275,1.013
2026-08-13T18:38:49.506102+00:00,ESP32_Node_3,NORMAL,2.554,146.698,0.455,7.319,300.008,1.623
2026-08-13T18:43:49.506102+00:00,ESP32_Node_1,LEAK,1.718,156.013,1.598,7.057,310.906,1.386
2026-08-13T19:15:49.506102+00:00,ESP32_Node_1,LEAK,2.026,150.543,1.931,6.968,301.054,2.7
2026-08-13T19:17:49.506102+00:00,ESP32_Node_4,WATER_QUALITY,2.299,120.507,0.65,6.945,327.684,6.567
2026-08-13T19:17:49.506102+00:00,ESP32_Node_2,NORMAL,2.53,132.229,0.757,7.172,310.324,1.653
2026-08-13T19:57:49.506102+00:00,ESP32_Node_1,SENSOR_FAULT,2.707,104.785,0.808,11.5,290.098,1.432
2026-08-13T20:03:49.506102+00:00,ESP32_Node_4,SENSOR_FAULT,2.722,0.0,0.552,7.153,317.052,1.301
2026-08-13T20:32:49.506102+00:00,ESP32_Node_3,NORMAL,2.466,117.302,0.532,7.107,290.332,1.146
2026-08-13T21:00:49.506102+00:00,ESP32_Node_4,LEAK,1.58,176.084,1.505,7.384,299.744,1.442
2026-08-13T21:42:49.506102+00:00,ESP32_Node_4,LEAK,1.865,159.014,1.878,7.184,354.287,1.8
2026-08-13T22:10:49.506102+00:00,ESP32_Node_2,SENSOR_FAULT,2.403,111.224,0.335,11.5,277.531,1.741
2026-08-13T22:34:49.506102+00:00,ESP32_Node_2,SENSOR_FAULT,7.0,108.519,0.627,7.089,325.193,0.892
2026-08-13T23:15:49.506102+00:00,ESP32_Node_4,SENSOR_FAULT,2.625,118.088,0.583,7.196,339.728,0.0
2026-08-13T23:17:49.506102+00:00,ESP32_Node_3,LEAK,1.664,159.221,1.485,7.313,334.987,1.531
2026-08-14T00:16:49.506102+00:00,ESP32_Node_2,NORMAL,2.46,121.706,0.642,7.339,310.547,1.611
2026-08-14T00:22:49.506102+00:00,ESP32_Node_2,NORMAL,2.75,109.29,0.463,7.118,339.691,1.456
2026-08-14T02:37:49.506102+00:00,ESP32_Node_1,SENSOR_FAULT,2.771,125.631,0.614,6.908,2000.0,1.622
2026-08-14T02:58:49.506102+00:00,ESP32_Node_1,NORMAL,2.402,137.304,0.666,7.122,310.796,1.615
2026-08-14T03:01:49.506102+00:00,ESP32_Node_2,NORMAL,2.492,109.543,0.498,7.045,280.029,1.693
2026-08-14T03:10:49.506102+00:00,ESP32_Node_3,NORMAL,2.425,125.792,0.485,7.079,281.691,1.401
2026-08-14T03:41:49.506102+00:00,ESP32_Node_1,NORMAL,2.422,129.021,0.586,7.099,289.873,2.111
2026-08-14T04:03:49.506102+00:00,ESP32_Node_4,EARLY_ANOMALY,2.422,137.506,1.3,7.068,326.337,2.289
2026-08-14T04:38:49.506102+00:00,ESP32_Node_4,NORMAL,2.485,109.094,0.538,7.273,293.343,1.815
2026-08-14T05:46:49.506102+00:00,ESP32_Node_3,WATER_QUALITY,2.43,118.593,0.537,6.968,342.998,4.733
2026-08-14T05:50:49.506102+00:00,ESP32_Node_3,NORMAL,2.815,119.678,0.5,7.168,280.205,1.171
2026-08-14T06:05:49.506102+00:00,ESP32_Node_1,NORMAL,2.272,125.483,0.326,7.213,299.546,1.757
2026-08-14T06:16:49.506102+00:00,ESP32_Node_3,WATER_QUALITY,2.362,132.575,0.769,8.353,373.324,2.032
2026-08-14T06:50:49.506102+00:00,ESP32_Node_4,SENSOR_FAULT,2.695,114.719,0.579,3.2,311.534,1.96
2026-08-14T07:21:49.506102+00:00,ESP32_Node_2,NORMAL,2.516,115.878,0.692,7.095,280.639,1.739
2026-08-14T07:23:49.506102+00:00,ESP32_Node_2,WATER_QUALITY,2.234,128.722,0.681,6.412,350.611,2.409
2026-08-14T07:24:49.506102+00:00,ESP32_Node_3,NORMAL,2.635,104.431,0.733,7.005,312.133,1.621
2026-08-14T07:44:49.506102+00:00,ESP32_Node_1,LEAK,1.64,150.17,2.103,7.091,296.066,2.133
2026-08-14T07:47:49.506102+00:00,ESP32_Node_3,NORMAL,2.636,102.586,0.575,7.138,293.671,0.891
2026-08-14T07:51:49.506102+00:00,ESP32_Node_1,WATER_QUALITY,2.59,114.903,0.763,8.087,341.056,2.316
2026-08-14T08:44:49.506102+00:00,ESP32_Node_4,SENSOR_FAULT,2.773,109.781,0.429,7.132,317.497,0.0
2026-08-14T10:02:49.506102+00:00,ESP32_Node_3,WATER_QUALITY,2.252,109.383,0.376,6.922,449.215,2.949
2026-08-14T10:15:49.506102+00:00,ESP32_Node_3,WATER_QUALITY,2.451,155,0.522,8.52,313.026,2.021
2026-08-14T10:16:49.506102+00:00,ESP32_Node_2,SENSOR_FAULT,2.619,0.0,0.412,7.298,309.072,2.004
2026-08-14T10:46:49.506102+00:00,ESP32_Node_2,NORMAL,2.88,128.168,0.563,7.222,325.923,1.885
2026-08-14T10:47:49.506102+00:00,ESP32_Node_2,NORMAL,2.54,121.848,0.478,7.189,315.866,1.556
2026-08-14T10:57:49.506102+00:00,ESP32_Node_1,NORMAL,2.562,135.508,0.721,7.227,334.496,0.815
2026-08-14T11:07:49.506102+00:00,ESP32_Node_3,LEAK,1.621,149.886,1.896,7.16,309.45,2.161
2026-08-14T11:54:49.506102+00:00,ESP32_Node_4,NORMAL,2.437,108.935,0.564,7.107,315.992,2.228
2026-08-14T12:09:49.506102+00:00,ESP32_Node_2,EARLY_ANOMALY,2.186,123.822,1.55,7.218,294.1,2.521
2026-08-14T12:53:49.506102+00:00,ESP32_Node_3,SENSOR_FAULT,2.649,101.199,0.02,7.039,280.21,1.29
2026-08-14T13:11:49.506102+00:00,ESP32_Node_1,SENSOR_FAULT,2.48,119.166,7.0,7.276,313.111,1.607
2026-08-14T13:31:49.506102+00:00,ESP32_Node_2,NORMAL,2.311,117.742,0.654,7.146,312.864,1.703
2026-08-14T13:39:49.506102+00:00,ESP32_Node_3,SENSOR_FAULT,2.587,106.919,0.369,7.194,0.0,1.497
2026-08-14T14:22:49.506102+00:00,ESP32_Node_4,NORMAL,2.261,143.613,0.758,7.148,306.957,1.262
2026-08-14T14:33:49.506102+00:00,ESP32_Node_2,NORMAL,2.511,113.282,0.539,7.229,318.095,1.868
2026-08-14T15:08:49.506102+00:00,ESP32_Node_3,NORMAL,2.722,116.793,0.395,7.182,320.777,1.73
2026-08-14T15:28:49.506102+00:00,ESP32_Node_3,WATER_QUALITY,2.459,101.288,0.439,7.118,661.014,2.132
2026-08-14T15:38:49.506102+00:00,ESP32_Node_4,NORMAL,2.401,116.263,0.676,7.094,341.909,1.219
2026-08-14T15:57:49.506102+00:00,ESP32_Node_3,WATER_QUALITY,2.513,143.896,0.48,7.235,493.405,1.843
2026-08-14T16:11:49.506102+00:00,ESP32_Node_3,WATER_QUALITY,2.624,130.262,0.468,6.904,519.89,2.864
2026-08-14T16:21:49.506102+00:00,ESP32_Node_4,SENSOR_FAULT,2.305,123.24,7.0,7.231,321.013,1.677
2026-08-14T16:29:49.506102+00:00,ESP32_Node_2,EARLY_ANOMALY,2.068,172.147,1.038,7.211,314.722,1.754
2026-08-14T16:43:49.506102+00:00,ESP32_Node_1,NORMAL,2.454,125.053,0.599,7.345,334.428,1.844
2026-08-14T17:09:49.506102+00:00,ESP32_Node_2,NORMAL,2.714,120.494,0.562,7.242,334.041,1.094
2026-08-14T17:17:49.506102+00:00,ESP32_Node_4,LEAK,2.15,139.191,1.927,7.206,308.393,1.281
2026-08-14T17:52:49.506102+00:00,ESP32_Node_3,WATER_QUALITY,2.406,117.277,0.627,7.088,446.956,2.598
2026-08-14T19:22:49.506102+00:00,ESP32_Node_1,LEAK,1.222,172.513,1.908,6.926,296.764,1.964
2026-08-14T19:28:49.506102+00:00,ESP32_Node_3,NORMAL,2.569,105.506,0.483,7.093,325.951,1.834
2026-08-14T19:38:49.506102+00:00,ESP32_Node_4,WATER_QUALITY,2.65,130.411,0.551,8.461,313.101,1.573
2026-08-14T20:11:49.506102+00:00,ESP32_Node_2,NORMAL,2.58,120.969,0.399,7.106,344.477,1.725
2026-08-14T20:30:49.506102+00:00,ESP32_Node_1,NORMAL,2.395,115.558,0.413,7.071,313.46,1.362
2026-08-14T20:32:49.506102+00:00,ESP32_Node_4,SENSOR_FAULT,2.454,97.634,0.526,13.0,308.48,1.781
2026-08-14T20:40:49.506102+00:00,ESP32_Node_2,LEAK,1.567,153.919,1.518,7.237,365.451,2.031
2026-08-14T20:40:49.506102+00:00,ESP32_Node_1,LEAK,1.668,207.261,1.248,6.995,359.203,2.042
2026-08-14T20:53:49.506102+00:00,ESP32_Node_3,LEAK,1.429,173.154,1.88,7.015,313.942,1.973
2026-08-14T20:55:49.506102+00:00,ESP32_Node_4,NORMAL,2.414,134.859,0.378,7.277,250,1.328
2026-08-14T21:05:49.506102+00:00,ESP32_Node_4,WATER_QUALITY,2.085,137.091,0.669,6.263,312.297,2.223
2026-08-14T21:32:49.506102+00:00,ESP32_Node_2,LEAK,1.983,147.795,1.056,7.189,328.165,2.474
2026-08-14T21:49:49.506102+00:00,ESP32_Node_1,WATER_QUALITY,2.448,113.242,0.359,7.191,358.91,5.417
2026-08-14T22:09:49.506102+00:00,ESP32_Node_3,LEAK,1.832,158.478,1.716,7.123,361.144,2.068
2026-08-14T22:13:49.506102+00:00,ESP32_Node_1,LEAK,1.663,185.028,1.648,7.128,298.017,1.706
2026-08-14T22:37:49.506102+00:00,ESP32_Node_2,LEAK,1.53,168.191,1.261,7.311,295.705,1.928
2026-08-14T22:53:49.506102+00:00,ESP32_Node_1,NORMAL,2.894,136.653,0.631,7.038,370,1.28
2026-08-14T23:00:49.506102+00:00,ESP32_Node_1,WATER_QUALITY,2.791,125.43,0.453,7.156,574.641,2.117
2026-08-14T23:02:49.506102+00:00,ESP32_Node_1,WATER_QUALITY,2.666,132.778,0.533,7.213,323.87,6.59
2026-08-14T23:52:49.506102+00:00,ESP32_Node_4,EARLY_ANOMALY,2.303,133.172,1.14,6.995,329.011,2.252
2026-08-15T00:40:49.506102+00:00,ESP32_Node_4,WATER_QUALITY,2.618,125.87,0.62,7.242,457.555,2.935
2026-08-15T01:26:49.506102+00:00,ESP32_Node_2,WATER_QUALITY,2.0,116.656,0.605,6.119,339.494,2.309
2026-08-15T03:10:49.506102+00:00,ESP32_Node_4,NORMAL,2.588,115.422,0.547,7.072,292.051,2.044
2026-08-15T04:15:49.506102+00:00,ESP32_Node_3,WATER_QUALITY,2.573,104.842,0.383,6.038,332.276,2.011
2026-08-15T05:18:49.506102+00:00,ESP32_Node_3,NORMAL,2.685,126.619,0.72,7.07,303.549,1.087
2026-08-15T05:34:49.506102+00:00,ESP32_Node_4,WATER_QUALITY,2.468,131.228,0.647,7.002,404.877,2.875
2026-08-15T06:49:49.506102+00:00,ESP32_Node_1,SENSOR_FAULT,2.26,0.0,0.608,7.395,297.627,1.745
2026-08-15T06:54:49.506102+00:00,ESP32_Node_3,NORMAL,2.631,120.758,0.757,6.96,319.084,2.135
2026-08-15T07:05:49.506102+00:00,ESP32_Node_3,NORMAL,2.85,105.865,0.659,7.191,294.379,1.887
2026-08-15T07:30:49.506102+00:00,ESP32_Node_2,NORMAL,2.388,118.723,0.718,7.123,335.649,1.31
2026-08-15T07:55:49.506102+00:00,ESP32_Node_1,WATER_QUALITY,2.242,104.718,0.451,8.424,314.049,1.463
2026-08-15T07:56:49.506102+00:00,ESP32_Node_4,NORMAL,2.193,93.855,0.49,7.01,275.828,2.233
2026-08-15T09:02:49.506102+00:00,ESP32_Node_3,NORMAL,2.748,112.676,0.356,7.154,270.037,1.709
2026-08-15T09:04:49.506102+00:00,ESP32_Node_2,NORMAL,2.438,117.348,0.387,7.175,292.788,2.007
2026-08-15T09:15:49.506102+00:00,ESP32_Node_4,SENSOR_FAULT,2.704,500.0,0.451,7.043,325.698,1.071
2026-08-15T09:26:49.506102+00:00,ESP32_Node_3,EARLY_ANOMALY,2.146,138.057,1.438,7.373,347.103,1.884
2026-08-15T10:08:49.506102+00:00,ESP32_Node_2,LEAK,1.577,133.863,1.707,7.044,301.39,2.13
2026-08-15T10:11:49.506102+00:00,ESP32_Node_3,WATER_QUALITY,2.463,112.846,0.615,5.648,361.947,2.274
2026-08-15T10:15:49.506102+00:00,ESP32_Node_4,NORMAL,2.52,127.613,0.57,7.279,310.746,2.143
2026-08-15T10:39:49.506102+00:00,ESP32_Node_3,NORMAL,2.623,133.411,0.552,7.184,335.034,1.202
2026-08-15T11:09:49.506102+00:00,ESP32_Node_3,SENSOR_FAULT,2.722,146.238,0.273,7.152,288.662,0.05
2026-08-15T11:46:49.506102+00:00,ESP32_Node_4,NORMAL,2.717,94.409,0.618,7.196,355.122,1.814
2026-08-15T12:19:49.506102+00:00,ESP32_Node_3,NORMAL,2.842,113.794,0.378,7.175,327.857,1.473
2026-08-15T12:31:49.506102+00:00,ESP32_Node_4,WATER_QUALITY,2.813,109.353,0.498,6.305,344.548,2.018
2026-08-15T12:36:49.506102+00:00,ESP32_Node_1,WATER_QUALITY,2.653,132.162,0.496,6.217,514.75,4.01
2026-08-15T12:37:49.506102+00:00,ESP32_Node_1,NORMAL,2.359,120.347,0.773,7.218,316.421,1.877
2026-08-15T13:15:49.506102+00:00,ESP32_Node_2,LEAK,1.614,148.513,1.167,7.154,347.286,2.391
2026-08-15T13:53:49.506102+00:00,ESP32_Node_2,EARLY_ANOMALY,2.51,120.526,1.166,7.119,322.156,2.392
2026-08-15T14:12:49.506102+00:00,ESP32_Node_1,NORMAL,2.719,124.343,0.415,7.167,357.144,1.447
2026-08-15T14:22:49.506102+00:00,ESP32_Node_2,NORMAL,2.371,126.821,0.393,6.975,313.922,1.581
2026-08-15T16:38:49.506102+00:00,ESP32_Node_1,LEAK,1.631,142.398,1.922,7.11,289.847,2.332
2026-08-15T17:34:49.506102+00:00,ESP32_Node_4,NORMAL,2.527,132.904,0.624,7.078,261.21,1.228
2026-08-15T17:51:49.506102+00:00,ESP32_Node_1,NORMAL,2.643,147.857,0.624,7.089,297.64,1.409
2026-08-15T18:26:49.506102+00:00,ESP32_Node_4,WATER_QUALITY,2.587,143.628,0.514,6.652,498.508,6.115
2026-08-15T18:38:49.506102+00:00,ESP32_Node_4,NORMAL,2.45,105.53,0.604,7.104,312.593,1.14
2026-08-15T19:10:49.506102+00:00,ESP32_Node_1,WATER_QUALITY,2.377,119.198,0.602,7.222,421.706,2.232
2026-08-15T19:33:49.506102+00:00,ESP32_Node_1,LEAK,1.614,185.772,1.712,7.132,278.022,1.341
2026-08-15T19:35:49.506102+00:00,ESP32_Node_1,EARLY_ANOMALY,2.063,114.167,1.058,7.001,316.235,1.85
2026-08-15T19:37:49.506102+00:00,ESP32_Node_2,SENSOR_FAULT,2.601,115.135,0.398,7.219,2000.0,1.714
2026-08-15T19:47:49.506102+00:00,ESP32_Node_1,NORMAL,2.558,112.577,0.421,7.137,296.823,2.8
2026-08-15T21:03:49.506102+00:00,ESP32_Node_2,WATER_QUALITY,2.619,119.762,0.531,7.067,409.711,7.153
2026-08-15T21:19:49.506102+00:00,ESP32_Node_3,NORMAL,2.549,126.085,0.571,7.197,273.656,1.567
2026-08-15T22:12:49.506102+00:00,ESP32_Node_3,NORMAL,2.465,133.546,0.606,7.205,298.119,1.186
2026-08-15T22:19:49.506102+00:00,ESP32_Node_4,NORMAL,2.483,107.276,0.329,7.248,315.858,1.862
2026-08-15T22:21:49.506102+00:00,ESP32_Node_3,NORMAL,2.433,108.122,0.541,7.214,320.839,1.779
2026-08-15T23:57:49.506102+00:00,ESP32_Node_4,NORMAL,2.4,120.664,0.669,7.112,296.172,1.235
2026-08-16T00:06:49.506102+00:00,ESP32_Node_3,NORMAL,2.723,132.497,0.306,7.342,332.79,0.909
2026-08-16T00:32:49.506102+00:00,ESP32_Node_2,LEAK,1.91,156.824,1.559,7.085,339.271,2.129
2026-08-16T00:39:49.506102+00:00,ESP32_Node_1,WATER_QUALITY,2.595,123.732,0.523,5.8,380,6.752
2026-08-16T00:43:49.506102+00:00,ESP32_Node_1,NORMAL,2.481,112.478,0.37,7.306,321.189,2.003
2026-08-16T00:53:49.506102+00:00,ESP32_Node_1,WATER_QUALITY,2.83,115.299,0.789,5.929,437.38,4.714
2026-08-16T01:07:49.506102+00:00,ESP32_Node_1,WATER_QUALITY,2.809,119.82,0.528,7.3,470.397,2.017
2026-08-16T01:09:49.506102+00:00,ESP32_Node_4,WATER_QUALITY,2.645,130.472,0.43,6.973,304.57,5.97
2026-08-16T01:29:49.506102+00:00,ESP32_Node_4,NORMAL,2.661,138.612,0.429,7.143,310.012,1.517
2026-08-16T01:30:49.506102+00:00,ESP32_Node_4,SENSOR_FAULT,2.521,116.881,0.391,7.071,1200.0,1.742
2026-08-16T01:32:49.506102+00:00,ESP32_Node_3,WATER_QUALITY,2.191,125.785,0.538,7.046,360.809,6.641
2026-08-16T01:44:49.506102+00:00,ESP32_Node_2,LEAK,1.729,193.138,1.881,7.036,326.959,1.488
2026-08-16T01:45:49.506102+00:00,ESP32_Node_1,WATER_QUALITY,2.732,112.184,0.461,6.939,642.866,2.961
2026-08-16T02:50:49.506102+00:00,ESP32_Node_4,NORMAL,2.464,139.95,0.365,7.334,305.319,1.297
2026-08-16T02:58:49.506102+00:00,ESP32_Node_3,WATER_QUALITY,2.775,112.665,0.543,6.919,354.275,6.416
2026-08-16T03:06:49.506102+00:00,ESP32_Node_4,NORMAL,2.572,119.059,0.501,7.023,312.126,1.532
2026-08-16T03:09:49.506102+00:00,ESP32_Node_4,NORMAL,2.399,137.847,0.549,7.157,303.713,1.04
2026-08-16T03:18:49.506102+00:00,ESP32_Node_4,NORMAL,2.466,103.351,0.562,7.073,313.402,1.423
2026-08-16T03:22:49.506102+00:00,ESP32_Node_3,WATER_QUALITY,2.686,115.636,0.568,6.589,342.42,2.209
2026-08-16T04:14:49.506102+00:00,ESP32_Node_4,WATER_QUALITY,2.503,120.991,0.591,6.658,529.071,6.716
2026-08-16T04:16:49.506102+00:00,ESP32_Node_2,NORMAL,2.749,118.829,0.567,7.104,317.815,1.562
2026-08-16T04:46:49.506102+00:00,ESP32_Node_2,LEAK,1.513,186.649,1.675,7.098,348.373,1.887
2026-08-16T05:09:49.506102+00:00,ESP32_Node_2,WATER_QUALITY,2.585,105.199,0.421,8.144,387.703,2.622
2026-08-16T05:18:49.506102+00:00,ESP32_Node_3,NORMAL,2.372,123.9,0.339,7.051,315.577,1.573
2026-08-16T05:45:49.506102+00:00,ESP32_Node_2,WATER_QUALITY,2.688,130.064,0.495,6.44,666.007,3.814
2026-08-16T06:37:49.506102+00:00,ESP32_Node_4,NORMAL,2.356,118.447,0.481,7.102,287.864,1.322
2026-08-16T06:54:49.506102+00:00,ESP32_Node_2,LEAK,1.719,168.194,1.34,6.918,345.679,1.802
2026-08-16T07:39:49.506102+00:00,ESP32_Node_1,NORMAL,2.684,141.125,0.631,7.157,335.163,2.211
2026-08-16T07:45:49.506102+00:00,ESP32_Node_1,NORMAL,2.468,129.86,0.479,7.137,298.839,1.561
2026-08-16T08:08:49.506102+00:00,ESP32_Node_2,NORMAL,2.605,125.687,0.373,7.04,297.935,1.393
2026-08-16T08:18:49.506102+00:00,ESP32_Node_3,NORMAL,2.567,118.419,0.607,7.19,299.442,1.591
2026-08-16T08:50:49.506102+00:00,ESP32_Node_2,SENSOR_FAULT,7.0,125.288,0.585,7.13,310.828,1.329
2026-08-16T09:01:49.506102+00:00,ESP32_Node_3,NORMAL,2.584,110.034,0.444,7.146,343.453,1.721
2026-08-16T09:16:49.506102+00:00,ESP32_Node_2,NORMAL,2.712,111.371,0.604,7.142,315.842,2.104
2026-08-16T10:12:49.506102+00:00,ESP32_Node_1,NORMAL,2.591,106.252,0.389,7.04,338.991,0.879
2026-08-16T10:35:49.506102+00:00,ESP32_Node_4,NORMAL,2.324,123.653,0.509,7.238,328.259,1.437
2026-08-16T11:01:49.506102+00:00,ESP32_Node_1,NORMAL,2.596,136.03,0.415,7.17,314.329,2.053
2026-08-16T11:48:49.506102+00:00,ESP32_Node_4,NORMAL,2.491,115.457,0.565,7.13,287.436,1.105
2026-08-16T12:37:49.506102+00:00,ESP32_Node_3,SENSOR_FAULT,0.0,104.889,0.7,7.037,285.852,1.871
2026-08-16T13:42:49.506102+00:00,ESP32_Node_4,NORMAL,2.617,128.673,0.71,7.075,330.193,1.478
2026-08-16T13:54:49.506102+00:00,ESP32_Node_3,NORMAL,2.64,113.476,0.462,7.042,296.668,1.736
2026-08-16T14:20:49.506102+00:00,ESP32_Node_4,NORMAL,2.406,125.624,0.455,7.054,315.277,1.82
2026-08-16T16:06:49.506102+00:00,ESP32_Node_2,NORMAL,2.534,123.562,0.363,7.236,299.72,1.745
2026-08-16T16:29:49.506102+00:00,ESP32_Node_1,LEAK,1.763,193.993,1.545,7.188,367.676,2.298
2026-08-16T17:01:49.506102+00:00,ESP32_Node_2,SENSOR_FAULT,2.677,115.286,4.5,7.215,324.143,1.66
2026-08-16T17:22:49.506102+00:00,ESP32_Node_2,NORMAL,2.654,102.178,0.482,7.273,300.951,1.428
2026-08-16T17:27:49.506102+00:00,ESP32_Node_3,SENSOR_FAULT,2.562,121.946,0.922,7.141,2000.0,1.595
2026-08-16T18:36:49.506102+00:00,ESP32_Node_1,SENSOR_FAULT,5.5,145.519,0.697,7.154,296.329,1.775
2026-08-16T18:49:49.506102+00:00,ESP32_Node_1,SENSOR_FAULT,2.532,350.0,0.417,7.109,337.155,2.595
2026-08-16T18:53:49.506102+00:00,ESP32_Node_2,WATER_QUALITY,2.392,118.661,0.618,6.238,340.515,1.973
2026-08-16T19:21:49.506102+00:00,ESP32_Node_2,LEAK,1.81,196.481,1.786,7.284,283.092,2.6
2026-08-16T19:37:49.506102+00:00,ESP32_Node_1,NORMAL,2.67,100.591,0.431,7.214,299.041,1.506
2026-08-16T19:44:49.506102+00:00,ESP32_Node_1,WATER_QUALITY,2.434,127.175,0.281,8.288,337.108,2.672
2026-08-16T20:08:49.506102+00:00,ESP32_Node_1,WATER_QUALITY,2.539,139.43,0.465,7.319,538.334,2.177
2026-08-16T21:59:49.506102+00:00,ESP32_Node_4,NORMAL,2.557,120.811,0.517,6.993,346.695,1.596
2026-08-16T22:20:49.506102+00:00,ESP32_Node_1,WATER_QUALITY,2.372,110.239,0.703,7.108,328.618,7.493
2026-08-16T22:43:49.506102+00:00,ESP32_Node_4,NORMAL,2.579,113.84,0.35,7.025,267.786,1.648
2026-08-16T22:59:49.506102+00:00,ESP32_Node_1,SENSOR_FAULT,2.708,109.87,0.612,6.96,0.0,1.487
2026-08-16T23:20:49.506102+00:00,ESP32_Node_1,WATER_QUALITY,2.379,122.802,0.613,8.236,317.243,2.898
2026-08-16T23:30:49.506102+00:00,ESP32_Node_2,WATER_QUALITY,2.489,98.439,0.65,8.515,328.845,2.759
2026-08-16T23:47:49.506102+00:00,ESP32_Node_2,NORMAL,2.551,116.925,0.572,7.107,334.375,1.277
2026-08-16T23:48:49.506102+00:00,ESP32_Node_2,NORMAL,2.606,103.419,0.494,7.111,352.476,1.572
2026-08-17T00:05:49.506102+00:00,ESP32_Node_3,SENSOR_FAULT,7.0,141.221,0.735,7.018,326.188,1.838
2026-08-17T00:20:49.506102+00:00,ESP32_Node_3,NORMAL,2.31,126.361,0.615,7.244,276.496,1.884
2026-08-17T00:24:49.506102+00:00,ESP32_Node_2,WATER_QUALITY,2.608,111.432,0.208,7.28,700,2.047
2026-08-17T01:22:49.506102+00:00,ESP32_Node_4,NORMAL,2.554,101.432,0.431,7.065,318.891,2.213
2026-08-17T01:23:49.506102+00:00,ESP32_Node_2,LEAK,1.798,174.922,2.267,7.184,265.727,1.442
2026-08-17T01:30:49.506102+00:00,ESP32_Node_2,NORMAL,2.756,116.916,0.358,7.106,337.285,1.863
2026-08-17T02:15:49.506102+00:00,ESP32_Node_2,NORMAL,2.682,126.796,0.417,7.114,311.812,1.71
2026-08-17T02:18:49.506102+00:00,ESP32_Node_1,NORMAL,2.485,110.819,0.554,7.2,301.503,1.838
2026-08-17T02:19:49.506102+00:00,ESP32_Node_1,SENSOR_FAULT,0.0,128.873,0.777,7.061,314.65,1.475
2026-08-17T02:29:49.506102+00:00,ESP32_Node_3,NORMAL,2.482,102.361,0.413,7.158,262.301,1.397
2026-08-17T02:31:49.506102+00:00,ESP32_Node_3,LEAK,1.532,154.669,1.462,6.973,308.832,3.039
2026-08-17T02:56:49.506102+00:00,ESP32_Node_4,LEAK,1.81,170.802,1.819,7.062,365.021,1.692
2026-08-17T03:17:49.506102+00:00,ESP32_Node_3,LEAK,1.865,175.414,1.601,7.0,341.5,2.024
2026-08-17T03:49:49.506102+00:00,ESP32_Node_3,NORMAL,2.592,113.291,0.775,7.092,283.894,1.548
2026-08-17T04:34:49.506102+00:00,ESP32_Node_3,LEAK,1.852,162.693,1.151,6.876,358.37,2.355
2026-08-17T05:05:49.506102+00:00,ESP32_Node_4,NORMAL,2.442,138.328,0.669,7.199,370,1.689
2026-08-17T05:12:49.506102+00:00,ESP32_Node_4,WATER_QUALITY,2.576,116.608,0.907,6.939,359.887,6.206
2026-08-17T05:26:49.506102+00:00,ESP32_Node_3,NORMAL,2.479,110.758,0.5,7.03,321.626,2.183
2026-08-17T05:28:49.506102+00:00,ESP32_Node_2,SENSOR_FAULT,2.543,118.283,0.747,7.215,334.738,0.0
2026-08-17T05:32:49.506102+00:00,ESP32_Node_2,LEAK,1.554,162.822,1.757,7.134,326.455,2.053
2026-08-17T05:43:49.506102+00:00,ESP32_Node_2,WATER_QUALITY,2.722,114.557,0.712,7.282,579.174,2.228
2026-08-17T05:51:49.506102+00:00,ESP32_Node_2,WATER_QUALITY,2.576,119.989,0.494,8.155,419.887,2.528
2026-08-17T06:05:49.506102+00:00,ESP32_Node_4,LEAK,1.845,180.116,2.099,7.293,313.088,1.567
2026-08-17T06:16:49.506102+00:00,ESP32_Node_3,NORMAL,2.454,103.163,0.68,7.225,311.576,1.649
2026-08-17T07:01:49.506102+00:00,ESP32_Node_2,NORMAL,2.743,118.693,0.468,7.191,282.405,1.537
2026-08-17T07:24:49.506102+00:00,ESP32_Node_4,NORMAL,2.416,127.234,0.44,7.063,331.359,1.644
2026-08-17T07:59:49.506102+00:00,ESP32_Node_1,LEAK,1.744,167.129,1.688,7.134,363.639,1.854
2026-08-17T08:25:49.506102+00:00,ESP32_Node_2,LEAK,1.613,165.518,1.581,6.984,343.974,2.38
2026-08-17T08:44:49.506102+00:00,ESP32_Node_2,SENSOR_FAULT,2.829,108.62,0.0,7.089,285.202,1.763
2026-08-17T09:32:49.506102+00:00,ESP32_Node_3,NORMAL,2.718,125.114,0.569,7.178,349.951,1.661
2026-08-17T10:21:49.506102+00:00,ESP32_Node_1,LEAK,2.108,149.993,1.706,7.086,342.749,2.016
2026-08-17T10:44:49.506102+00:00,ESP32_Node_3,LEAK,1.799,197.512,1.507,7.124,285.641,2.658
2026-08-17T11:04:49.506102+00:00,ESP32_Node_4,NORMAL,2.456,117.62,0.369,7.031,317.626,1.551
2026-08-17T11:06:49.506102+00:00,ESP32_Node_2,NORMAL,2.487,122.257,0.619,7.189,336.056,1.921
2026-08-17T11:17:49.506102+00:00,ESP32_Node_2,NORMAL,2.41,115.426,0.499,7.247,326.532,1.708
2026-08-17T11:52:49.506102+00:00,ESP32_Node_3,NORMAL,2.356,122.469,0.373,7.225,293.339,2.177
2026-08-17T12:08:49.506102+00:00,ESP32_Node_2,LEAK,1.757,183.671,1.924,7.168,326.442,2.062
2026-08-17T13:09:49.506102+00:00,ESP32_Node_3,LEAK,1.572,166.778,1.437,7.094,310.017,1.978
2026-08-17T13:51:49.506102+00:00,ESP32_Node_4,WATER_QUALITY,2.219,110.805,0.912,7.114,584.131,2.218
2026-08-17T14:10:49.506102+00:00,ESP32_Node_4,NORMAL,2.542,126.038,0.65,7.277,325.695,1.22
2026-08-17T15:14:49.506102+00:00,ESP32_Node_4,NORMAL,2.805,119.951,0.347,7.122,313.829,1.577
2026-08-17T15:27:49.506102+00:00,ESP32_Node_1,SENSOR_FAULT,5.5,117.371,0.556,7.143,312.507,2.307
2026-08-17T15:28:49.506102+00:00,ESP32_Node_2,SENSOR_FAULT,2.439,113.378,0.413,6.964,25.0,1.094
2026-08-17T15:54:49.506102+00:00,ESP32_Node_1,SENSOR_FAULT,2.702,500.0,0.629,7.383,295.017,1.901
2026-08-17T16:24:49.506102+00:00,ESP32_Node_3,NORMAL,2.752,139.058,0.674,6.938,304.783,1.533
2026-08-17T16:28:49.506102+00:00,ESP32_Node_2,NORMAL,2.581,113.648,0.88,7.232,281.196,1.315
2026-08-17T16:33:49.506102+00:00,ESP32_Node_1,WATER_QUALITY,2.392,127.92,0.547,8.667,333.401,2.719
2026-08-17T16:36:49.506102+00:00,ESP32_Node_4,LEAK,1.2,170.085,1.113,7.243,320.927,2.305
2026-08-17T16:40:49.506102+00:00,ESP32_Node_3,EARLY_ANOMALY,2.222,137.589,1.15,7.169,287.311,2.42
2026-08-17T16:46:49.506102+00:00,ESP32_Node_3,NORMAL,2.701,126.847,0.482,7.211,317.763,1.139
2026-08-17T18:05:49.506102+00:00,ESP32_Node_3,NORMAL,2.445,122.263,0.414,7.162,278.547,1.905
2026-08-17T18:21:49.506102+00:00,ESP32_Node_2,NORMAL,2.505,127.083,0.532,7.236,299.737,1.763
2026-08-17T18:38:49.506102+00:00,ESP32_Node_2,EARLY_ANOMALY,2.275,140.907,0.955,7.116,372.956,3.239
2026-08-17T18:48:49.506102+00:00,ESP32_Node_4,NORMAL,2.503,128.504,0.725,7.106,300.503,1.725
2026-08-17T19:34:49.506102+00:00,ESP32_Node_3,WATER_QUALITY,2.314,122.919,0.454,7.179,533.815,2.246
2026-08-17T19:36:49.506102+00:00,ESP32_Node_1,LEAK,1.735,158.695,1.68,7.082,294.596,1.727
2026-08-17T19:44:49.506102+00:00,ESP32_Node_4,NORMAL,2.387,109.727,0.416,7.308,280.144,1.269
2026-08-17T19:56:49.506102+00:00,ESP32_Node_4,WATER_QUALITY,2.541,111.775,0.668,6.462,393.291,3.837
2026-08-17T20:20:49.506102+00:00,ESP32_Node_1,SENSOR_FAULT,2.409,127.114,0.265,11.5,299.367,1.991
2026-08-17T21:01:49.506102+00:00,ESP32_Node_1,LEAK,1.744,164.184,1.508,7.197,301.797,2.157
2026-08-17T21:31:49.506102+00:00,ESP32_Node_2,EARLY_ANOMALY,2.11,119.548,0.995,7.219,318.574,2.866
2026-08-17T22:01:49.506102+00:00,ESP32_Node_1,NORMAL,2.613,137.628,0.627,6.951,274.764,2.436
2026-08-17T22:07:49.506102+00:00,ESP32_Node_3,NORMAL,2.1,116.518,0.462,7.13,310.296,1.472
2026-08-17T22:16:49.506102+00:00,ESP32_Node_3,SENSOR_FAULT,2.608,139.02,0.553,7.13,2000.0,1.889
2026-08-17T22:16:49.506102+00:00,ESP32_Node_4,NORMAL,2.486,134.666,0.44,7.108,307.175,1.585
2026-08-17T22:43:49.506102+00:00,ESP32_Node_2,NORMAL,2.383,124.989,0.405,7.019,292.797,1.523
2026-08-17T23:36:49.506102+00:00,ESP32_Node_3,NORMAL,2.654,130.49,0.696,7.131,313.571,1.754
2026-08-17T23:41:49.506102+00:00,ESP32_Node_1,NORMAL,2.32,125.601,0.412,7.32,315.942,1.209
2026-08-18T00:00:49.506102+00:00,ESP32_Node_4,LEAK,1.783,171.978,1.791,7.137,347.84,1.452
2026-08-18T00:29:49.506102+00:00,ESP32_Node_2,EARLY_ANOMALY,2.028,143.797,1.261,7.12,331.956,2.706
2026-08-18T01:17:49.506102+00:00,ESP32_Node_3,NORMAL,2.707,134.551,0.531,7.223,337.337,1.909
2026-08-18T01:34:49.506102+00:00,ESP32_Node_1,WATER_QUALITY,2.351,110.744,0.456,7.037,400,2.595
2026-08-18T01:45:49.506102+00:00,ESP32_Node_1,NORMAL,2.459,140.794,0.725,7.279,290.216,1.278
2026-08-18T01:55:49.506102+00:00,ESP32_Node_4,SENSOR_FAULT,2.541,106.284,0.02,7.15,278.01,2.8
2026-08-18T02:24:49.506102+00:00,ESP32_Node_2,NORMAL,2.281,96.727,0.628,7.016,307.417,1.386
2026-08-18T02:29:49.506102+00:00,ESP32_Node_3,NORMAL,2.499,105.323,0.525,7.232,328.992,2.16
2026-08-18T03:16:49.506102+00:00,ESP32_Node_1,WATER_QUALITY,2.453,104.045,0.406,7.005,561.965,2.156
2026-08-18T04:43:49.506102+00:00,ESP32_Node_3,LEAK,1.844,209.109,1.356,7.354,352.706,2.673
2026-08-18T04:43:49.506102+00:00,ESP32_Node_2,LEAK,1.684,179.237,1.417,7.041,314.587,2.465
2026-08-18T04:53:49.506102+00:00,ESP32_Node_2,NORMAL,2.667,118.932,0.375,7.282,293.693,1.863
2026-08-18T04:57:49.506102+00:00,ESP32_Node_4,WATER_QUALITY,2.541,107.98,0.493,7.061,302.128,5.485
2026-08-18T04:57:49.506102+00:00,ESP32_Node_4,SENSOR_FAULT,2.34,0.0,0.534,7.172,315.165,1.706
2026-08-18T04:57:49.506102+00:00,ESP32_Node_4,NORMAL,2.359,128.043,0.518,7.079,293.85,1.892
2026-08-18T05:09:49.506102+00:00,ESP32_Node_1,NORMAL,2.743,130.007,0.822,7.214,312.404,1.78
2026-08-18T05:27:49.506102+00:00,ESP32_Node_2,NORMAL,2.583,115.534,0.616,7.099,280.535,1.806
2026-08-18T05:34:49.506102+00:00,ESP32_Node_2,WATER_QUALITY,2.534,121.765,0.819,7.12,384.049,6.882
2026-08-18T05:50:49.506102+00:00,ESP32_Node_2,NORMAL,2.334,143.503,0.733,7.031,309.881,2.197
2026-08-18T06:04:49.506102+00:00,ESP32_Node_3,NORMAL,2.44,133.426,0.423,7.103,291.486,2.141
2026-08-18T06:05:49.506102+00:00,ESP32_Node_3,WATER_QUALITY,2.758,114.436,0.714,6.649,518.64,6.996
2026-08-18T06:31:49.506102+00:00,ESP32_Node_1,NORMAL,2.71,117.726,0.2,7.123,294.916,1.334
2026-08-18T06:42:49.506102+00:00,ESP32_Node_2,NORMAL,2.448,116.783,0.577,6.923,308.557,2.594
2026-08-18T06:52:49.506102+00:00,ESP32_Node_2,NORMAL,2.707,120.506,0.461,7.176,296.052,2.106
2026-08-18T07:07:49.506102+00:00,ESP32_Node_2,WATER_QUALITY,2.451,121.427,0.382,6.04,354.615,2.459
2026-08-18T08:37:49.506102+00:00,ESP32_Node_4,NORMAL,2.233,124.97,0.689,7.1,345.405,2.34
2026-08-18T08:38:49.506102+00:00,ESP32_Node_1,LEAK,1.811,139.69,1.478,7.167,290.3,2.305
2026-08-18T08:56:49.506102+00:00,ESP32_Node_3,SENSOR_FAULT,2.73,114.363,0.586,7.086,0.0,1.988
2026-08-18T09:09:49.506102+00:00,ESP32_Node_2,NORMAL,2.576,109.514,0.71,7.245,324.603,1.452
2026-08-18T09:30:49.506102+00:00,ESP32_Node_4,LEAK,1.575,169.169,1.338,7.115,349.499,2.273
2026-08-18T09:42:49.506102+00:00,ESP32_Node_2,SENSOR_FAULT,2.32,100.727,0.02,7.162,288.895,2.224
2026-08-18T10:10:49.506102+00:00,ESP32_Node_4,WATER_QUALITY,2.431,112.304,0.719,5.834,579.142,8.114
2026-08-18T11:05:49.506102+00:00,ESP32_Node_3,WATER_QUALITY,2.738,111.087,0.605,6.292,338.394,3.517
2026-08-18T11:24:49.506102+00:00,ESP32_Node_2,SENSOR_FAULT,2.623,123.602,0.39,7.129,318.727,20.0
2026-08-18T11:25:49.506102+00:00,ESP32_Node_2,EARLY_ANOMALY,2.477,155.121,0.744,7.358,334.04,1.784
2026-08-18T12:17:49.506102+00:00,ESP32_Node_4,NORMAL,2.765,115.212,0.656,7.075,280.508,1.576
2026-08-18T12:26:49.506102+00:00,ESP32_Node_2,LEAK,1.669,190.454,1.672,6.975,350.771,1.919
2026-08-18T12:35:49.506102+00:00,ESP32_Node_4,WATER_QUALITY,2.432,110.766,0.566,8.382,331.864,2.984
2026-08-18T13:00:49.506102+00:00,ESP32_Node_4,NORMAL,2.306,117.144,0.506,7.119,306.065,1.211
2026-08-18T13:21:49.506102+00:00,ESP32_Node_4,NORMAL,2.401,139.008,0.756,6.941,322.691,1.932
2026-08-18T13:26:49.506102+00:00,ESP32_Node_1,WATER_QUALITY,2.506,125.425,0.867,6.989,504.808,2.442
2026-08-18T14:06:49.506102+00:00,ESP32_Node_1,NORMAL,2.369,121.587,0.567,7.208,312.345,1.635
2026-08-18T14:13:49.506102+00:00,ESP32_Node_3,NORMAL,2.512,120.861,0.44,7.164,296.932,1.752
2026-08-18T14:28:49.506102+00:00,ESP32_Node_4,NORMAL,2.527,113.262,0.61,7.223,358.481,1.955
2026-08-18T15:03:49.506102+00:00,ESP32_Node_2,NORMAL,2.712,118.028,0.292,7.074,278.681,1.572
2026-08-18T15:06:49.506102+00:00,ESP32_Node_3,LEAK,1.565,152.504,1.811,7.233,316.789,1.886
2026-08-18T15:30:49.506102+00:00,ESP32_Node_4,WATER_QUALITY,2.563,142.233,0.615,7.084,522.754,1.75
2026-08-18T15:31:49.506102+00:00,ESP32_Node_4,LEAK,1.755,176.038,1.915,7.113,320.522,2.044
2026-08-18T15:55:49.506102+00:00,ESP32_Node_3,NORMAL,2.478,126.465,0.552,7.027,350.978,1.686
2026-08-18T16:15:49.506102+00:00,ESP32_Node_4,NORMAL,2.653,97.306,0.585,7.077,312.449,1.537
2026-08-18T16:24:49.506102+00:00,ESP32_Node_2,NORMAL,2.495,102.594,0.233,7.094,310.889,1.308
2026-08-18T16:50:49.506102+00:00,ESP32_Node_4,LEAK,1.985,141.682,1.845,6.954,291.736,1.985
2026-08-18T17:11:49.506102+00:00,ESP32_Node_4,NORMAL,2.46,119.174,0.602,7.116,327.504,1.572
2026-08-18T17:42:49.506102+00:00,ESP32_Node_3,LEAK,1.937,190.606,1.631,7.174,332.577,1.964
2026-08-18T17:56:49.506102+00:00,ESP32_Node_4,WATER_QUALITY,2.708,133.862,0.576,8.299,361.805,1.824
2026-08-18T17:58:49.506102+00:00,ESP32_Node_2,EARLY_ANOMALY,2.575,139.959,1.101,6.951,350.274,2.933
2026-08-18T17:59:49.506102+00:00,ESP32_Node_3,SENSOR_FAULT,0.0,127.558,0.577,7.081,302.998,2.362
2026-08-18T18:04:49.506102+00:00,ESP32_Node_1,LEAK,2.03,185.993,1.386,7.172,282.143,2.014
2026-08-18T18:17:49.506102+00:00,ESP32_Node_4,WATER_QUALITY,2.348,102.351,0.73,8.541,365.501,2.317
2026-08-18T18:32:49.506102+00:00,ESP32_Node_3,LEAK,1.947,182.258,1.454,6.932,331.151,2.276
2026-08-18T18:33:49.506102+00:00,ESP32_Node_4,NORMAL,2.803,125.298,0.616,7.122,315.606,1.307
2026-08-18T19:20:49.506102+00:00,ESP32_Node_1,NORMAL,2.559,108.359,0.542,7.065,327.462,2.661
2026-08-18T19:22:49.506102+00:00,ESP32_Node_4,EARLY_ANOMALY,2.503,131.195,0.946,7.185,359.063,2.539
2026-08-18T19:26:49.506102+00:00,ESP32_Node_4,NORMAL,2.585,107.876,0.539,6.96,299.215,2.236
2026-08-18T19:46:49.506102+00:00,ESP32_Node_1,NORMAL,2.745,113.46,0.54,7.158,298.693,1.486
2026-08-18T20:01:49.506102+00:00,ESP32_Node_1,NORMAL,2.57,128.402,0.637,7.075,326.071,1.48
2026-08-18T20:32:49.506102+00:00,ESP32_Node_2,SENSOR_FAULT,2.477,130.327,0.593,7.171,2000.0,1.656
2026-08-18T20:36:49.506102+00:00,ESP32_Node_1,NORMAL,2.288,122.999,0.461,7.127,291.125,1.922
2026-08-18T21:07:49.506102+00:00,ESP32_Node_1,WATER_QUALITY,2.555,119.843,0.571,8.116,371.831,2.024
2026-08-18T21:55:49.506102+00:00,ESP32_Node_2,SENSOR_FAULT,2.592,119.682,0.474,7.311,2000.0,1.506
2026-08-18T22:07:49.506102+00:00,ESP32_Node_3,NORMAL,2.566,106.151,0.517,6.988,275.336,1.839
2026-08-18T22:09:49.506102+00:00,ESP32_Node_2,LEAK,1.896,166.976,1.108,7.178,266.03,1.643
2026-08-18T22:21:49.506102+00:00,ESP32_Node_3,WATER_QUALITY,2.466,121.393,0.683,7.062,558.73,1.89
2026-08-18T22:28:49.506102+00:00,ESP32_Node_3,EARLY_ANOMALY,2.6,136.648,0.992,7.335,316.629,1.782
2026-08-18T22:56:49.506102+00:00,ESP32_Node_3,LEAK,1.44,182.942,1.394,7.168,370.015,2.209
2026-08-18T23:24:49.506102+00:00,ESP32_Node_4,NORMAL,2.587,120.912,0.582,7.132,303.051,1.799
2026-08-18T23:47:49.506102+00:00,ESP32_Node_3,NORMAL,2.553,112.008,0.409,7.143,321.464,1.753
2026-08-19T00:00:49.506102+00:00,ESP32_Node_4,WATER_QUALITY,2.431,95.976,0.538,6.567,341.665,2.313
2026-08-19T00:15:49.506102+00:00,ESP32_Node_2,NORMAL,2.502,126.312,0.491,7.147,262.26,1.652
2026-08-19T00:35:49.506102+00:00,ESP32_Node_3,NORMAL,2.873,120.929,0.439,7.109,329.576,2.086
2026-08-19T00:43:49.506102+00:00,ESP32_Node_4,SENSOR_FAULT,5.5,118.224,0.353,7.152,305.778,1.745
2026-08-19T00:57:49.506102+00:00,ESP32_Node_3,WATER_QUALITY,2.177,139.069,0.858,6.529,259.618,1.531
2026-08-19T01:03:49.506102+00:00,ESP32_Node_3,NORMAL,2.775,144.968,0.523,7.188,345.027,2.088
2026-08-19T01:08:49.506102+00:00,ESP32_Node_3,LEAK,1.762,134.364,1.092,7.03,345.766,1.352
2026-08-19T01:34:49.506102+00:00,ESP32_Node_2,NORMAL,2.634,105.231,0.577,7.046,316.412,1.273
2026-08-19T01:59:49.506102+00:00,ESP32_Node_3,SENSOR_FAULT,2.651,111.31,0.593,7.143,288.398,0.05
2026-08-19T02:02:49.506102+00:00,ESP32_Node_3,WATER_QUALITY,2.407,105.116,0.532,7.045,299.401,6.596
2026-08-19T02:13:49.506102+00:00,ESP32_Node_3,LEAK,1.636,164.76,1.323,7.265,291.317,2.454
2026-08-19T02:15:49.506102+00:00,ESP32_Node_1,EARLY_ANOMALY,1.917,131.118,1.227,7.289,291.548,2.774
2026-08-19T02:16:49.506102+00:00,ESP32_Node_4,NORMAL,2.515,103.612,0.623,7.161,300.318,1.978
2026-08-19T02:17:49.506102+00:00,ESP32_Node_3,WATER_QUALITY,2.549,118.736,0.636,8.187,311.003,2.536
2026-08-19T02:59:49.506102+00:00,ESP32_Node_3,LEAK,1.815,179.337,1.372,7.186,309.452,1.781
2026-08-19T03:53:49.506102+00:00,ESP32_Node_1,NORMAL,2.761,116.71,0.65,6.978,310.394,1.339
2026-08-19T03:56:49.506102+00:00,ESP32_Node_2,NORMAL,2.43,98.294,0.459,7.147,315.954,1.638
2026-08-19T03:59:49.506102+00:00,ESP32_Node_4,EARLY_ANOMALY,2.359,135.894,0.795,6.982,358.025,2.385
2026-08-19T04:18:49.506102+00:00,ESP32_Node_4,LEAK,1.999,149.128,1.586,6.947,329.23,0.984
2026-08-19T04:21:49.506102+00:00,ESP32_Node_1,NORMAL,2.489,132.742,0.453,7.293,316.564,2.128
2026-08-19T04:32:49.506102+00:00,ESP32_Node_1,NORMAL,2.452,119.789,0.552,7.257,285.156,1.858
2026-08-19T04:59:49.506102+00:00,ESP32_Node_2,NORMAL,2.353,129.021,0.479,7.145,317.619,2.353
2026-08-19T05:26:49.506102+00:00,ESP32_Node_1,NORMAL,2.359,111.804,0.318,7.137,314.742,1.6
2026-08-19T05:35:49.506102+00:00,ESP32_Node_2,LEAK,1.704,177.255,1.645,6.934,330.17,2.01
2026-08-19T06:12:49.506102+00:00,ESP32_Node_1,WATER_QUALITY,2.63,115.089,0.701,5.905,490.084,4.577
2026-08-19T06:15:49.506102+00:00,ESP32_Node_1,EARLY_ANOMALY,1.949,134.806,0.766,7.264,310.486,2.008
2026-08-19T06:18:49.506102+00:00,ESP32_Node_2,LEAK,2.014,164.039,2.3,6.903,350.703,1.794
2026-08-19T06:26:49.506102+00:00,ESP32_Node_4,LEAK,1.617,166.362,1.986,7.129,322.271,2.172
2026-08-19T06:30:49.506102+00:00,ESP32_Node_2,EARLY_ANOMALY,2.293,120.482,1.22,6.923,324.368,2.74
2026-08-19T06:34:49.506102+00:00,ESP32_Node_2,NORMAL,2.78,117.965,0.687,7.119,303.346,1.41
2026-08-19T10:09:49.506102+00:00,ESP32_Node_4,LEAK,1.593,152.063,1.908,7.162,298.281,2.138
2026-08-19T10:11:49.506102+00:00,ESP32_Node_2,NORMAL,2.387,119.389,0.537,7.104,302.081,1.654
2026-08-19T10:32:49.506102+00:00,ESP32_Node_3,EARLY_ANOMALY,1.985,147.67,0.838,7.047,330.845,2.804
2026-08-19T11:01:49.506102+00:00,ESP32_Node_3,NORMAL,2.508,98.038,0.585,7.083,318.834,1.885
2026-08-19T11:24:49.506102+00:00,ESP32_Node_4,NORMAL,2.427,110.961,0.628,7.117,304.938,1.513
2026-08-19T11:40:49.506102+00:00,ESP32_Node_2,NORMAL,2.386,103.063,0.434,7.013,323.942,1.627
2026-08-19T13:29:49.506102+00:00,ESP32_Node_4,WATER_QUALITY,2.236,132.077,0.581,8.146,363.879,2.369
2026-08-19T14:05:49.506102+00:00,ESP32_Node_2,NORMAL,2.678,131.626,0.651,7.342,365.136,1.647
2026-08-19T14:13:49.506102+00:00,ESP32_Node_3,NORMAL,2.589,113.14,0.574,7.04,299.538,1.234
2026-08-19T14:14:49.506102+00:00,ESP32_Node_3,NORMAL,2.1,107.394,0.619,7.065,282.445,1.214
2026-08-19T14:18:49.506102+00:00,ESP32_Node_2,WATER_QUALITY,2.448,144.157,0.482,6.496,332.416,2.106
2026-08-19T14:30:49.506102+00:00,ESP32_Node_4,NORMAL,2.481,150,0.595,7.137,296.424,1.447
2026-08-19T15:10:49.506102+00:00,ESP32_Node_2,SENSOR_FAULT,2.698,106.243,0.258,7.165,294.509,40.0
2026-08-19T15:21:49.506102+00:00,ESP32_Node_1,WATER_QUALITY,2.365,112.327,0.714,6.602,547.773,6.474
2026-08-19T16:00:49.506102+00:00,ESP32_Node_2,WATER_QUALITY,2.296,113.373,0.745,6.558,523.803,9.61
2026-08-19T16:24:49.506102+00:00,ESP32_Node_1,LEAK,1.957,165.718,1.085,7.345,308.678,1.812
2026-08-19T16:48:49.506102+00:00,ESP32_Node_3,LEAK,1.752,183.734,1.658,6.916,307.297,1.686
2026-08-19T16:52:49.506102+00:00,ESP32_Node_2,WATER_QUALITY,2.217,124.493,0.513,6.7,260.467,2.396
2026-08-19T17:32:49.506102+00:00,ESP32_Node_1,WATER_QUALITY,2.751,142.767,0.333,8.525,399.478,2.56
2026-08-19T17:47:49.506102+00:00,ESP32_Node_2,EARLY_ANOMALY,2.334,126.368,0.94,7.121,280.821,2.241
2026-08-19T19:01:49.506102+00:00,ESP32_Node_2,WATER_QUALITY,2.482,90,0.562,6.554,589.123,4.928
2026-08-19T19:19:49.506102+00:00,ESP32_Node_1,NORMAL,2.646,111.951,0.632,7.218,337.881,1.331
2026-08-19T19:26:49.506102+00:00,ESP32_Node_3,SENSOR_FAULT,7.0,130.438,0.4,7.156,278.853,1.623
2026-08-19T19:29:49.506102+00:00,ESP32_Node_4,WATER_QUALITY,2.464,129.444,0.87,6.027,296.654,2.663
2026-08-19T19:37:49.506102+00:00,ESP32_Node_1,SENSOR_FAULT,0.0,128.901,0.875,7.347,315.429,1.749
2026-08-19T19:49:49.506102+00:00,ESP32_Node_2,NORMAL,2.623,119.103,0.498,7.084,329.869,0.985
2026-08-19T20:14:49.506102+00:00,ESP32_Node_2,NORMAL,2.452,103.802,0.457,7.252,351.917,1.031
2026-08-19T20:15:49.506102+00:00,ESP32_Node_2,LEAK,1.953,178.293,1.504,7.3,317.881,2.464
2026-08-19T20:20:49.506102+00:00,ESP32_Node_1,WATER_QUALITY,2.573,114.104,0.539,7.292,378.985,4.0
2026-08-19T20:21:49.506102+00:00,ESP32_Node_4,NORMAL,2.537,123.266,0.468,7.152,327.997,1.572
2026-08-19T20:42:49.506102+00:00,ESP32_Node_2,NORMAL,2.526,118.866,0.544,7.202,300.499,1.782
2026-08-19T21:06:49.506102+00:00,ESP32_Node_1,NORMAL,2.764,101.219,0.514,6.941,284.683,1.743
2026-08-19T21:24:49.506102+00:00,ESP32_Node_1,WATER_QUALITY,2.611,133.361,0.423,7.396,355.585,5.879
2026-08-19T21:29:49.506102+00:00,ESP32_Node_3,NORMAL,2.684,119.539,0.724,7.13,305.645,2.147
2026-08-19T21:49:49.506102+00:00,ESP32_Node_4,NORMAL,2.745,128.634,0.544,7.095,322.281,2.223
2026-08-19T22:06:49.506102+00:00,ESP32_Node_4,SENSOR_FAULT,5.5,121.094,0.594,7.127,309.51,1.952
2026-08-19T22:10:49.506102+00:00,ESP32_Node_4,LEAK,1.558,179.11,1.31,7.197,301.701,2.095
2026-08-19T22:20:49.506102+00:00,ESP32_Node_2,NORMAL,2.305,92.944,0.632,7.192,283.578,2.008
2026-08-19T22:54:49.506102+00:00,ESP32_Node_4,LEAK,1.839,131.954,1.486,7.052,314.826,1.407
2026-08-19T22:56:49.506102+00:00,ESP32_Node_3,WATER_QUALITY,2.879,115.345,0.344,6.573,315.089,2.195
2026-08-19T23:16:49.506102+00:00,ESP32_Node_4,LEAK,1.636,201.06,1.29,6.988,313.13,2.345
2026-08-20T00:04:49.506102+00:00,ESP32_Node_4,SENSOR_FAULT,2.601,116.575,0.569,11.5,323.764,2.018
2026-08-20T00:08:49.506102+00:00,ESP32_Node_3,LEAK,1.732,179.426,1.547,7.094,342.653,2.349
2026-08-20T00:55:49.506102+00:00,ESP32_Node_2,WATER_QUALITY,2.842,117.522,0.404,6.393,354.361,1.358
2026-08-20T01:26:49.506102+00:00,ESP32_Node_2,NORMAL,2.687,97.004,0.383,7.052,291.081,2.161
2026-08-20T01:54:49.506102+00:00,ESP32_Node_1,LEAK,1.637,203.286,1.599,7.041,330.413,2.7
2026-08-20T02:23:49.506102+00:00,ESP32_Node_1,LEAK,1.415,185.789,1.763,7.046,288.434,1.797
2026-08-20T02:32:49.506102+00:00,ESP32_Node_3,LEAK,2.015,155.05,1.661,7.375,315.34,2.012
2026-08-20T02:41:49.506102+00:00,ESP32_Node_3,EARLY_ANOMALY,2.331,112.006,0.989,7.301,306.083,2.835
2026-08-20T03:37:49.506102+00:00,ESP32_Node_1,SENSOR_FAULT,2.851,350.0,0.705,7.235,318.502,1.744
2026-08-20T03:56:49.506102+00:00,ESP32_Node_1,WATER_QUALITY,2.612,90,0.445,7.069,557.186,2.631
2026-08-20T04:33:49.506102+00:00,ESP32_Node_4,WATER_QUALITY,2.208,91.768,0.651,8.478,338.544,2.178
2026-08-20T04:44:49.506102+00:00,ESP32_Node_4,NORMAL,2.438,112.209,0.619,7.264,341.564,1.925
2026-08-20T04:50:49.506102+00:00,ESP32_Node_4,WATER_QUALITY,2.522,107.208,0.408,7.202,313.745,7.092
2026-08-20T05:07:49.506102+00:00,ESP32_Node_1,NORMAL,2.381,129.121,0.602,7.269,333.33,1.885
2026-08-20T05:27:49.506102+00:00,ESP32_Node_1,WATER_QUALITY,2.67,114.809,0.689,6.897,561.575,3.013
2026-08-20T05:32:49.506102+00:00,ESP32_Node_3,NORMAL,2.397,130.427,0.407,7.058,330.134,1.593
2026-08-20T05:59:49.506102+00:00,ESP32_Node_3,LEAK,1.508,184.431,1.431,7.117,341.87,1.573
2026-08-20T06:05:49.506102+00:00,ESP32_Node_1,SENSOR_FAULT,2.579,148.02,0.0,7.263,308.956,1.277
2026-08-20T07:17:49.506102+00:00,ESP32_Node_2,LEAK,1.814,162.073,1.591,6.994,339.09,1.788
2026-08-20T08:11:49.506102+00:00,ESP32_Node_3,SENSOR_FAULT,2.41,130.021,0.522,13.0,317.741,1.547
2026-08-20T08:20:49.506102+00:00,ESP32_Node_2,NORMAL,2.226,100.92,0.509,6.98,319.794,1.959
2026-08-20T08:41:49.506102+00:00,ESP32_Node_2,NORMAL,2.508,121.498,0.366,7.325,316.182,1.683
2026-08-20T09:01:49.506102+00:00,ESP32_Node_3,SENSOR_FAULT,2.505,137.067,0.659,11.5,325.484,1.291
2026-08-20T09:04:49.506102+00:00,ESP32_Node_1,SENSOR_FAULT,2.514,126.814,7.0,7.075,304.101,1.668
2026-08-20T10:27:49.506102+00:00,ESP32_Node_3,SENSOR_FAULT,2.809,133.896,0.447,7.141,303.474,0.0
2026-08-20T10:31:49.506102+00:00,ESP32_Node_4,EARLY_ANOMALY,1.986,126.03,0.946,7.234,360.147,1.346
2026-08-20T11:30:49.506102+00:00,ESP32_Node_4,WATER_QUALITY,2.596,122.148,0.585,8.721,306.67,1.687
2026-08-20T11:37:49.506102+00:00,ESP32_Node_3,NORMAL,2.556,116.292,0.47,7.238,335.064,2.388
2026-08-20T12:36:49.506102+00:00,ESP32_Node_1,WATER_QUALITY,2.798,150.615,0.392,7.956,273.906,2.336
2026-08-20T12:48:49.506102+00:00,ESP32_Node_3,LEAK,1.589,152.944,2.038,7.171,329.893,2.238
2026-08-20T14:02:49.506102+00:00,ESP32_Node_3,LEAK,1.618,161.98,1.912,7.186,295.275,2.425
2026-08-20T14:25:49.506102+00:00,ESP32_Node_3,LEAK,1.707,169.125,1.956,7.284,263.203,2.444
2026-08-20T14:30:49.506102+00:00,ESP32_Node_3,EARLY_ANOMALY,2.247,174.995,0.819,7.257,329.3,2.646
2026-08-20T15:25:49.506102+00:00,ESP32_Node_1,LEAK,1.789,129.53,1.518,7.042,301.331,1.686
2026-08-20T15:38:49.506102+00:00,ESP32_Node_2,EARLY_ANOMALY,2.583,142.997,1.198,7.394,347.829,2.236
2026-08-20T17:22:49.506102+00:00,ESP32_Node_1,EARLY_ANOMALY,2.414,128.03,0.83,7.222,330.857,2.797
2026-08-20T17:33:49.506102+00:00,ESP32_Node_2,LEAK,1.763,165.504,1.29,7.061,316.44,2.171
2026-08-20T18:03:49.506102+00:00,ESP32_Node_1,WATER_QUALITY,2.86,113.826,0.45,7.867,401.301,2.319
2026-08-20T18:08:49.506102+00:00,ESP32_Node_4,WATER_QUALITY,2.701,136.881,0.573,7.167,410.894,2.28
2026-08-20T18:30:49.506102+00:00,ESP32_Node_3,LEAK,1.632,182.36,1.236,6.916,317.731,1.47
2026-08-20T19:10:49.506102+00:00,ESP32_Node_3,LEAK,2.024,174.437,2.083,7.09,315.191,2.548
2026-08-20T19:17:49.506102+00:00,ESP32_Node_2,EARLY_ANOMALY,2.53,112.805,0.911,7.313,268.265,2.197
2026-08-20T19:19:49.506102+00:00,ESP32_Node_1,NORMAL,2.566,96.928,0.674,7.195,341.386,2.181
2026-08-20T19:22:49.506102+00:00,ESP32_Node_3,NORMAL,2.857,124.199,0.584,7.213,315.941,1.395
2026-08-20T19:31:49.506102+00:00,ESP32_Node_3,NORMAL,2.554,97.339,0.549,7.191,337.192,1.753
2026-08-20T19:32:49.506102+00:00,ESP32_Node_2,NORMAL,2.449,113.26,0.547,7.149,304.639,2.061
2026-08-20T19:35:49.506102+00:00,ESP32_Node_1,WATER_QUALITY,2.531,107.624,0.436,7.318,472.39,1.85
2026-08-20T19:52:49.506102+00:00,ESP32_Node_4,SENSOR_FAULT,5.5,105.766,0.523,7.121,308.936,1.628
2026-08-20T19:59:49.506102+00:00,ESP32_Node_3,WATER_QUALITY,2.37,90,0.519,6.087,367.846,1.762
2026-08-20T20:29:49.506102+00:00,ESP32_Node_4,WATER_QUALITY,2.762,124.685,0.539,6.194,584.899,3.911
2026-08-20T20:30:49.506102+00:00,ESP32_Node_4,WATER_QUALITY,2.212,136.201,0.373,7.406,400,2.651
2026-08-20T20:38:49.506102+00:00,ESP32_Node_3,LEAK,1.796,154.591,1.773,7.038,331.323,2.42
2026-08-20T20:47:49.506102+00:00,ESP32_Node_1,LEAK,1.895,158.372,1.363,7.178,362.436,2.268
2026-08-20T20:53:49.506102+00:00,ESP32_Node_3,NORMAL,2.252,137.522,0.416,7.096,288.347,1.276
2026-08-20T21:01:49.506102+00:00,ESP32_Node_1,EARLY_ANOMALY,2.359,117.265,1.55,7.143,311.672,1.68
2026-08-20T21:49:49.506102+00:00,ESP32_Node_3,NORMAL,2.327,109.525,0.563,6.996,319.641,1.808
2026-08-20T22:38:49.506102+00:00,ESP32_Node_3,LEAK,1.914,146.391,1.16,7.051,318.629,2.311
2026-08-20T22:40:49.506102+00:00,ESP32_Node_3,LEAK,2.15,192.214,1.428,7.094,332.553,2.624
2026-08-20T22:44:49.506102+00:00,ESP32_Node_2,LEAK,1.596,170.123,1.762,7.338,312.638,1.744
2026-08-20T23:12:49.506102+00:00,ESP32_Node_3,NORMAL,2.273,122.664,0.464,7.257,302.402,1.95
2026-08-20T23:17:49.506102+00:00,ESP32_Node_4,SENSOR_FAULT,2.453,127.438,0.02,7.167,281.157,1.897
2026-08-20T23:27:49.506102+00:00,ESP32_Node_4,NORMAL,2.602,127.381,0.587,7.225,314.344,1.638
2026-08-20T23:43:49.506102+00:00,ESP32_Node_2,NORMAL,2.725,147.501,0.761,7.19,302.799,1.202
2026-08-20T23:49:49.506102+00:00,ESP32_Node_4,EARLY_ANOMALY,1.8,114.718,0.792,7.15,373.949,1.141
2026-08-20T23:56:49.506102+00:00,ESP32_Node_2,NORMAL,2.413,103.653,0.628,7.264,314.011,1.602
2026-08-21T00:17:49.506102+00:00,ESP32_Node_4,LEAK,1.707,151.203,1.73,7.144,305.901,2.254
2026-08-21T00:40:49.506102+00:00,ESP32_Node_2,NORMAL,2.612,102.242,0.725,7.228,304.349,1.831
2026-08-21T00:46:49.506102+00:00,ESP32_Node_4,WATER_QUALITY,2.676,121.624,0.486,8.411,344.886,2.887
2026-08-21T00:52:49.506102+00:00,ESP32_Node_3,NORMAL,2.685,117.613,0.612,7.212,334.111,1.924
2026-08-21T01:00:49.506102+00:00,ESP32_Node_4,NORMAL,2.553,144.027,0.607,7.225,293.172,1.558
2026-08-21T01:18:49.506102+00:00,ESP32_Node_4,NORMAL,2.693,130.252,0.658,7.145,307.584,1.812
2026-08-21T01:43:49.506102+00:00,ESP32_Node_4,NORMAL,2.559,150,0.611,7.305,337.066,1.989
2026-08-21T01:57:49.506102+00:00,ESP32_Node_3,LEAK,1.631,182.137,1.549,7.004,321.079,1.653
2026-08-21T02:17:49.506102+00:00,ESP32_Node_1,WATER_QUALITY,2.593,90,0.709,6.201,440.423,4.52
2026-08-21T02:35:49.506102+00:00,ESP32_Node_3,WATER_QUALITY,2.323,109.771,0.67,6.596,637.011,5.098
2026-08-21T03:44:49.506102+00:00,ESP32_Node_3,NORMAL,2.735,117.691,0.277,7.154,270.748,1.624
2026-08-21T03:55:49.506102+00:00,ESP32_Node_4,WATER_QUALITY,2.943,127.667,0.506,6.535,545.171,4.552
2026-08-21T04:29:49.506102+00:00,ESP32_Node_3,NORMAL,2.717,134.47,0.329,6.949,313.394,1.874
2026-08-21T04:36:49.506102+00:00,ESP32_Node_4,WATER_QUALITY,2.35,130.776,0.631,6.02,296.332,3.019
2026-08-21T04:41:49.506102+00:00,ESP32_Node_4,SENSOR_FAULT,0.05,119.361,0.738,7.173,302.897,1.767
2026-08-21T04:43:49.506102+00:00,ESP32_Node_4,NORMAL,2.95,111.202,0.492,7.267,326.684,1.722
2026-08-21T04:48:49.506102+00:00,ESP32_Node_2,LEAK,1.79,188.892,1.793,7.151,294.627,1.662
2026-08-21T05:20:49.506102+00:00,ESP32_Node_4,WATER_QUALITY,2.389,131.258,0.373,7.012,452.229,3.018
2026-08-21T05:30:49.506102+00:00,ESP32_Node_1,NORMAL,2.1,100.623,0.594,7.066,302.358,1.181
2026-08-21T05:43:49.506102+00:00,ESP32_Node_4,NORMAL,2.378,111.063,0.427,7.204,262.011,1.517
2026-08-21T06:37:49.506102+00:00,ESP32_Node_1,EARLY_ANOMALY,2.34,139.927,1.266,7.122,323.663,2.427
2026-08-21T06:40:49.506102+00:00,ESP32_Node_1,SENSOR_FAULT,2.857,114.206,0.585,3.2,307.179,1.693
2026-08-21T06:59:49.506102+00:00,ESP32_Node_3,NORMAL,2.505,124.036,0.672,7.112,310.728,1.538
2026-08-21T07:20:49.506102+00:00,ESP32_Node_2,LEAK,1.849,160.023,1.802,7.172,311.065,2.405
2026-08-21T07:28:49.506102+00:00,ESP32_Node_3,WATER_QUALITY,2.283,131.789,0.529,8.306,300.148,2.227
2026-08-21T08:06:49.506102+00:00,ESP32_Node_3,LEAK,2.027,160.415,1.884,7.19,314.381,1.816
2026-08-21T08:54:49.506102+00:00,ESP32_Node_2,EARLY_ANOMALY,2.329,132.651,1.534,7.062,345.076,2.086
2026-08-21T09:29:49.506102+00:00,ESP32_Node_2,NORMAL,2.455,95.739,0.424,7.039,290.557,1.81
2026-08-21T09:32:49.506102+00:00,ESP32_Node_2,NORMAL,2.238,104.088,0.507,7.24,320.429,1.081
2026-08-21T09:41:49.506102+00:00,ESP32_Node_4,EARLY_ANOMALY,2.221,135.87,1.248,7.175,314.707,1.911
2026-08-21T10:26:49.506102+00:00,ESP32_Node_1,LEAK,1.787,139.662,1.712,7.134,333.4,1.481
2026-08-21T10:32:49.506102+00:00,ESP32_Node_4,NORMAL,2.554,104.299,0.658,7.207,312.821,1.507
2026-08-21T10:37:49.506102+00:00,ESP32_Node_3,NORMAL,2.497,128.7,0.622,7.18,315.454,1.244
2026-08-21T10:37:49.506102+00:00,ESP32_Node_3,NORMAL,2.392,112.069,0.411,7.143,286.956,1.547
2026-08-21T10:45:49.506102+00:00,ESP32_Node_4,NORMAL,2.534,122.413,0.305,7.211,346.117,1.259
2026-08-21T11:16:49.506102+00:00,ESP32_Node_1,LEAK,1.746,201.321,1.591,7.287,300.513,2.86
2026-08-21T11:58:49.506102+00:00,ESP32_Node_2,WATER_QUALITY,2.48,127.397,0.59,8.143,301.927,2.675
2026-08-21T12:09:49.506102+00:00,ESP32_Node_1,NORMAL,2.502,117.651,0.517,7.105,298.888,2.36
2026-08-21T12:33:49.506102+00:00,ESP32_Node_2,SENSOR_FAULT,2.574,0.0,0.518,7.043,265.821,1.85
2026-08-21T12:37:49.506102+00:00,ESP32_Node_2,EARLY_ANOMALY,2.565,125.991,0.876,7.082,346.792,2.704
2026-08-21T13:26:49.506102+00:00,ESP32_Node_2,SENSOR_FAULT,2.345,106.767,0.0,7.081,310.254,1.601
2026-08-21T13:30:49.506102+00:00,ESP32_Node_3,EARLY_ANOMALY,1.8,137.4,1.196,7.203,342.028,2.239
2026-08-21T13:44:49.506102+00:00,ESP32_Node_1,LEAK,2.044,153.361,1.429,7.116,303.369,1.712
2026-08-21T13:53:49.506102+00:00,ESP32_Node_3,NORMAL,2.657,101.845,0.518,7.136,305.531,1.805
2026-08-21T14:02:49.506102+00:00,ESP32_Node_1,LEAK,1.898,147.965,1.296,7.126,297.671,1.564
2026-08-21T14:22:49.506102+00:00,ESP32_Node_4,LEAK,1.546,131.733,1.154,7.045,340.788,1.77
2026-08-21T15:03:49.506102+00:00,ESP32_Node_1,NORMAL,2.726,130.116,0.79,7.267,297.774,1.861
2026-08-21T15:14:49.506102+00:00,ESP32_Node_2,SENSOR_FAULT,2.204,5.0,0.546,7.069,285.316,1.555
2026-08-21T16:27:49.506102+00:00,ESP32_Node_1,NORMAL,2.487,134.726,0.337,7.071,297.857,1.309
2026-08-21T17:54:49.506102+00:00,ESP32_Node_4,WATER_QUALITY,2.494,98.076,0.831,6.099,299.728,2.599
2026-08-21T18:11:49.506102+00:00,ESP32_Node_4,LEAK,2.061,198.274,1.689,7.06,312.689,2.055
2026-08-21T18:34:49.506102+00:00,ESP32_Node_3,LEAK,1.451,168.703,1.384,7.198,307.285,2.673
2026-08-21T18:45:49.506102+00:00,ESP32_Node_1,LEAK,1.745,176.25,1.641,6.966,340.087,1.382
2026-08-21T19:05:49.506102+00:00,ESP32_Node_4,NORMAL,2.751,127.59,0.614,7.169,292.717,1.585
2026-08-21T19:46:49.506102+00:00,ESP32_Node_2,SENSOR_FAULT,2.619,350.0,0.39,7.087,250,2.091
2026-08-21T19:59:49.506102+00:00,ESP32_Node_3,LEAK,1.888,171.495,1.497,7.069,314.326,1.803
2026-08-21T20:17:49.506102+00:00,ESP32_Node_1,LEAK,1.255,167.246,1.555,7.184,345.281,2.074
2026-08-21T20:31:49.506102+00:00,ESP32_Node_3,NORMAL,2.726,132.537,0.449,7.125,324.863,1.647
2026-08-21T21:03:49.506102+00:00,ESP32_Node_3,NORMAL,2.363,119.958,0.58,7.164,292.336,1.828
2026-08-21T21:34:49.506102+00:00,ESP32_Node_2,NORMAL,2.372,107.732,0.452,7.208,334.411,1.33
2026-08-21T21:53:49.506102+00:00,ESP32_Node_3,WATER_QUALITY,2.261,112.487,0.635,7.305,513.122,1.938
2026-08-21T22:26:49.506102+00:00,ESP32_Node_1,NORMAL,2.744,114.409,0.52,7.136,338.022,1.952
2026-08-21T22:41:49.506102+00:00,ESP32_Node_2,LEAK,1.865,167.832,1.224,7.133,349.891,1.836
2026-08-21T22:47:49.506102+00:00,ESP32_Node_3,NORMAL,2.442,102.605,0.318,6.864,308.644,2.064
2026-08-21T23:17:49.506102+00:00,ESP32_Node_4,LEAK,2.15,147.49,1.423,7.22,293.939,1.587
2026-08-22T00:16:49.506102+00:00,ESP32_Node_2,NORMAL,2.29,117.818,0.597,7.168,301.098,2.343
2026-08-22T00:22:49.506102+00:00,ESP32_Node_4,EARLY_ANOMALY,1.967,129.895,0.83,7.184,329.612,1.638
2026-08-22T00:54:49.506102+00:00,ESP32_Node_4,NORMAL,2.103,105.499,0.578,7.3,328.484,1.284
2026-08-22T00:58:49.506102+00:00,ESP32_Node_3,NORMAL,2.316,125.275,0.618,7.237,290.436,1.771
2026-08-22T01:19:49.506102+00:00,ESP32_Node_4,NORMAL,2.232,122.805,0.609,7.115,331.887,1.705
2026-08-22T01:50:49.506102+00:00,ESP32_Node_3,LEAK,1.894,180.063,1.312,7.124,353.477,2.172
2026-08-22T01:58:49.506102+00:00,ESP32_Node_2,SENSOR_FAULT,2.404,127.796,0.493,7.218,2000.0,1.163
2026-08-22T02:09:49.506102+00:00,ESP32_Node_3,WATER_QUALITY,2.388,120.405,0.412,6.136,326.156,3.014
2026-08-22T02:10:49.506102+00:00,ESP32_Node_3,WATER_QUALITY,2.612,129.538,0.573,6.313,321.905,3.5
2026-08-22T02:20:49.506102+00:00,ESP32_Node_1,SENSOR_FAULT,2.63,109.055,0.307,3.2,265.169,1.354
2026-08-22T02:57:49.506102+00:00,ESP32_Node_1,SENSOR_FAULT,2.423,118.621,0.608,6.984,320.595,0.0
2026-08-22T03:17:49.506102+00:00,ESP32_Node_3,WATER_QUALITY,2.423,112.371,0.622,8.443,309.414,3.299
2026-08-22T03:23:49.506102+00:00,ESP32_Node_1,NORMAL,2.797,142.332,0.503,7.26,347.658,2.119
2026-08-22T03:38:49.506102+00:00,ESP32_Node_4,SENSOR_FAULT,2.746,140.355,0.668,3.2,347.053,1.786
2026-08-22T03:55:49.506102+00:00,ESP32_Node_1,LEAK,1.823,164.561,1.802,7.09,320.099,1.0
2026-08-22T05:09:49.506102+00:00,ESP32_Node_3,WATER_QUALITY,2.702,128.617,0.698,8.46,299.839,2.065
2026-08-22T05:13:49.506102+00:00,ESP32_Node_2,NORMAL,2.799,129.482,0.534,7.289,302.801,1.786
2026-08-22T06:26:49.506102+00:00,ESP32_Node_3,LEAK,1.746,143.948,2.091,7.109,329.484,1.126
2026-08-22T06:36:49.506102+00:00,ESP32_Node_3,NORMAL,2.201,129.8,0.77,7.006,304.305,2.301
2026-08-22T06:38:49.506102+00:00,ESP32_Node_4,NORMAL,2.669,122.662,0.476,7.294,293.558,1.162
2026-08-22T07:02:49.506102+00:00,ESP32_Node_4,NORMAL,2.458,148.09,0.609,7.034,291.646,1.785
2026-08-22T07:13:49.506102+00:00,ESP32_Node_3,SENSOR_FAULT,5.5,128.394,0.636,7.113,291.718,1.843
2026-08-22T07:53:49.506102+00:00,ESP32_Node_2,SENSOR_FAULT,7.0,118.33,0.74,7.216,306.557,1.979
2026-08-22T08:47:49.506102+00:00,ESP32_Node_1,NORMAL,2.608,130.509,0.557,7.01,310.931,1.464
2026-08-22T08:50:49.506102+00:00,ESP32_Node_4,WATER_QUALITY,2.393,105.19,0.589,8.635,360.511,2.335
2026-08-22T09:09:49.506102+00:00,ESP32_Node_4,NORMAL,2.481,125.843,0.452,7.271,311.653,1.488
2026-08-22T09:22:49.506102+00:00,ESP32_Node_2,WATER_QUALITY,2.669,106.697,0.419,8.206,331.369,3.052
2026-08-22T09:36:49.506102+00:00,ESP32_Node_2,NORMAL,2.564,122.374,0.525,7.004,341.806,1.501
2026-08-22T09:36:49.506102+00:00,ESP32_Node_2,NORMAL,2.261,112.398,0.602,7.055,266.913,1.544
2026-08-22T10:07:49.506102+00:00,ESP32_Node_1,NORMAL,2.823,109.824,0.375,7.059,279.299,1.857
2026-08-22T10:23:49.506102+00:00,ESP32_Node_2,LEAK,2.15,166.03,1.713,7.126,327.067,1.258
2026-08-22T10:47:49.506102+00:00,ESP32_Node_4,WATER_QUALITY,2.663,134.233,0.501,8.186,351.774,2.173
2026-08-22T10:54:49.506102+00:00,ESP32_Node_1,WATER_QUALITY,2.255,116.083,0.677,8.616,321.187,2.014
2026-08-22T11:07:49.506102+00:00,ESP32_Node_1,WATER_QUALITY,2.838,122.439,0.516,6.345,513.914,5.049
2026-08-22T11:15:49.506102+00:00,ESP32_Node_2,NORMAL,2.636,140.089,0.632,7.083,292.451,1.697
2026-08-22T11:23:49.506102+00:00,ESP32_Node_4,NORMAL,2.484,120.354,0.749,7.183,305.39,1.971
2026-08-22T12:03:49.506102+00:00,ESP32_Node_1,WATER_QUALITY,2.656,109.622,0.734,7.286,601.249,2.419
2026-08-22T12:09:49.506102+00:00,ESP32_Node_4,NORMAL,2.642,129.402,0.554,7.037,320.875,1.46
2026-08-22T12:38:49.506102+00:00,ESP32_Node_1,NORMAL,2.592,127.649,0.638,7.003,312.635,0.998
2026-08-22T13:02:49.506102+00:00,ESP32_Node_4,LEAK,1.927,181.849,1.465,7.016,301.345,2.093
2026-08-22T13:31:49.506102+00:00,ESP32_Node_4,LEAK,1.488,154.698,2.046,6.997,275.59,2.099
2026-08-22T13:57:49.506102+00:00,ESP32_Node_2,SENSOR_FAULT,2.495,112.865,0.0,7.188,317.452,1.728
2026-08-22T14:16:49.506102+00:00,ESP32_Node_1,SENSOR_FAULT,0.0,123.27,0.545,6.988,328.659,2.016
2026-08-22T14:54:49.506102+00:00,ESP32_Node_2,WATER_QUALITY,2.194,108.936,0.703,8.57,306.212,1.742
2026-08-22T15:05:49.506102+00:00,ESP32_Node_2,NORMAL,2.423,120.708,0.431,7.159,290.796,1.153
2026-08-22T15:05:49.506102+00:00,ESP32_Node_4,WATER_QUALITY,2.386,114.249,0.521,6.295,352.527,2.791
2026-08-22T15:19:49.506102+00:00,ESP32_Node_2,NORMAL,2.372,103.258,0.552,7.47,305.794,1.681
2026-08-22T15:20:49.506102+00:00,ESP32_Node_1,NORMAL,2.554,124.471,0.442,7.089,289.0,1.074
2026-08-22T15:42:49.506102+00:00,ESP32_Node_1,WATER_QUALITY,2.741,126.879,0.639,6.502,473.107,8.891
2026-08-22T15:58:49.506102+00:00,ESP32_Node_4,NORMAL,2.95,112.229,0.611,7.213,325.361,1.769
2026-08-22T17:10:49.506102+00:00,ESP32_Node_1,WATER_QUALITY,2.509,100.664,0.546,6.662,422.153,7.495
2026-08-22T17:32:49.506102+00:00,ESP32_Node_4,WATER_QUALITY,2.405,121.512,0.583,6.147,316.548,1.683
2026-08-22T18:09:49.506102+00:00,ESP32_Node_4,NORMAL,2.586,116.246,0.595,7.211,302.551,1.965
2026-08-22T18:15:49.506102+00:00,ESP32_Node_3,SENSOR_FAULT,2.347,130.627,0.513,7.244,316.007,40.0
2026-08-22T19:21:49.506102+00:00,ESP32_Node_3,LEAK,1.718,176.203,1.791,7.195,359.307,2.4
2026-08-22T19:44:49.506102+00:00,ESP32_Node_2,SENSOR_FAULT,2.95,5.0,0.512,7.126,312.491,1.426
2026-08-22T20:21:49.506102+00:00,ESP32_Node_4,NORMAL,2.686,132.272,0.62,7.185,266.327,1.812
2026-08-22T20:33:49.506102+00:00,ESP32_Node_4,NORMAL,2.421,112.267,0.581,7.267,303.995,1.84
2026-08-22T20:38:49.506102+00:00,ESP32_Node_2,NORMAL,2.387,118.902,0.557,7.063,283.965,1.79
2026-08-22T20:52:49.506102+00:00,ESP32_Node_3,NORMAL,2.419,122.727,0.785,7.149,326.898,1.913
2026-08-22T21:05:49.506102+00:00,ESP32_Node_1,NORMAL,2.1,136.528,0.592,7.226,325.677,1.887
2026-08-22T21:11:49.506102+00:00,ESP32_Node_4,WATER_QUALITY,2.338,117.251,0.401,6.728,536.961,2.907
2026-08-22T21:18:49.506102+00:00,ESP32_Node_4,LEAK,1.664,193.005,1.455,7.073,323.823,1.443
2026-08-22T21:18:49.506102+00:00,ESP32_Node_3,LEAK,1.809,167.84,1.372,7.053,302.811,1.869
2026-08-22T21:32:49.506102+00:00,ESP32_Node_4,LEAK,1.964,179.808,1.455,7.082,314.685,2.165
2026-08-22T22:23:49.506102+00:00,ESP32_Node_4,LEAK,1.782,168.176,1.893,7.032,292.357,2.127
2026-08-22T22:48:49.506102+00:00,ESP32_Node_3,NORMAL,2.536,134.836,0.398,7.096,332.115,1.682
2026-08-22T23:37:49.506102+00:00,ESP32_Node_2,WATER_QUALITY,2.567,124.659,0.354,5.791,342.999,2.902
2026-08-23T00:46:49.506102+00:00,ESP32_Node_1,LEAK,1.73,173.464,1.628,7.139,312.798,1.949
2026-08-23T01:01:49.506102+00:00,ESP32_Node_2,NORMAL,2.552,132.807,0.597,7.376,355.954,1.443
2026-08-23T02:36:49.506102+00:00,ESP32_Node_4,NORMAL,2.661,120.233,0.517,7.304,318.231,1.26
2026-08-23T02:47:49.506102+00:00,ESP32_Node_2,SENSOR_FAULT,2.498,113.199,0.441,7.134,1200.0,1.964
2026-08-23T02:52:49.506102+00:00,ESP32_Node_2,SENSOR_FAULT,2.59,0.0,0.553,6.921,300.214,1.905
2026-08-23T04:40:49.506102+00:00,ESP32_Node_4,EARLY_ANOMALY,2.134,155.864,0.92,7.01,359.191,1.676
2026-08-23T04:43:49.506102+00:00,ESP32_Node_4,NORMAL,2.517,122.601,0.465,7.137,322.535,1.115
2026-08-23T04:57:49.506102+00:00,ESP32_Node_4,NORMAL,2.372,106.598,0.443,7.21,313.276,1.91
2026-08-23T05:02:49.506102+00:00,ESP32_Node_3,NORMAL,2.486,128.144,0.693,7.234,280.627,2.081
2026-08-23T05:40:49.506102+00:00,ESP32_Node_3,LEAK,1.944,151.077,1.57,7.162,303.767,2.198
2026-08-23T06:31:49.506102+00:00,ESP32_Node_3,EARLY_ANOMALY,2.101,139.424,1.362,7.351,294.381,2.875
2026-08-23T07:05:49.506102+00:00,ESP32_Node_3,LEAK,1.638,161.426,2.215,7.222,319.482,1.754
2026-08-23T07:09:49.506102+00:00,ESP32_Node_1,LEAK,1.531,162.611,1.746,7.175,306.647,1.69
2026-08-23T07:14:49.506102+00:00,ESP32_Node_2,WATER_QUALITY,2.228,118.837,0.673,8.398,400.276,2.074
2026-08-23T07:34:49.506102+00:00,ESP32_Node_4,LEAK,1.92,176.911,2.065,7.09,291.284,1.494
2026-08-23T07:37:49.506102+00:00,ESP32_Node_3,EARLY_ANOMALY,2.439,150.515,0.869,7.083,273.551,1.505
2026-08-23T08:29:49.506102+00:00,ESP32_Node_1,SENSOR_FAULT,2.759,116.415,0.448,2.5,292.669,1.777
2026-08-23T08:55:49.506102+00:00,ESP32_Node_4,SENSOR_FAULT,7.0,112.397,0.458,7.008,298.792,2.22
2026-08-23T08:58:49.506102+00:00,ESP32_Node_4,LEAK,1.563,195.792,1.824,7.152,275.295,2.39
2026-08-23T09:17:49.506102+00:00,ESP32_Node_2,WATER_QUALITY,2.556,127.997,0.69,6.284,686.182,5.771
2026-08-23T09:18:49.506102+00:00,ESP32_Node_3,WATER_QUALITY,2.513,98.297,0.557,5.971,662.543,4.232
2026-08-23T09:26:49.506102+00:00,ESP32_Node_3,WATER_QUALITY,2.533,112.778,0.592,8.162,302.083,2.258
2026-08-23T09:31:49.506102+00:00,ESP32_Node_4,NORMAL,2.727,117.387,0.461,7.198,320.314,1.827
2026-08-23T10:30:49.506102+00:00,ESP32_Node_3,LEAK,1.942,152.788,1.809,6.982,328.065,1.835
2026-08-23T10:41:49.506102+00:00,ESP32_Node_2,LEAK,1.736,173.803,1.753,7.147,311.521,1.061
2026-08-23T11:16:49.506102+00:00,ESP32_Node_3,LEAK,1.58,125,1.756,7.089,355.599,2.399
2026-08-23T11:31:49.506102+00:00,ESP32_Node_3,NORMAL,2.601,116.335,0.58,7.092,264.264,2.223
2026-08-23T11:31:49.506102+00:00,ESP32_Node_2,LEAK,1.561,167.658,1.933,7.315,302.782,1.844
2026-08-23T11:56:49.506102+00:00,ESP32_Node_4,SENSOR_FAULT,2.597,107.767,7.0,6.944,291.357,2.023
2026-08-23T12:01:49.506102+00:00,ESP32_Node_3,NORMAL,2.189,97.124,0.541,7.14,317.595,1.431
2026-08-23T12:04:49.506102+00:00,ESP32_Node_4,NORMAL,2.876,115.189,0.433,7.154,300.248,1.654
2026-08-23T12:27:49.506102+00:00,ESP32_Node_4,LEAK,1.818,179.304,1.408,7.166,326.423,1.807
2026-08-23T12:33:49.506102+00:00,ESP32_Node_2,NORMAL,2.591,118.443,0.738,7.264,280.981,1.306
2026-08-23T12:36:49.506102+00:00,ESP32_Node_2,NORMAL,2.704,121.564,0.535,7.075,343.399,1.835
2026-08-23T12:41:49.506102+00:00,ESP32_Node_1,EARLY_ANOMALY,2.293,148.562,1.117,7.16,321.423,3.218
2026-08-23T12:53:49.506102+00:00,ESP32_Node_3,SENSOR_FAULT,0.0,100.613,0.399,7.052,329.007,1.678
2026-08-23T13:13:49.506102+00:00,ESP32_Node_4,NORMAL,2.428,97.719,0.646,7.081,314.936,1.228
2026-08-23T13:26:49.506102+00:00,ESP32_Node_3,EARLY_ANOMALY,2.449,113.234,0.935,7.171,313.405,2.381
2026-08-23T13:30:49.506102+00:00,ESP32_Node_1,EARLY_ANOMALY,2.182,132.621,0.902,7.166,275.356,2.501
2026-08-23T14:00:49.506102+00:00,ESP32_Node_1,LEAK,1.745,170.591,1.779,7.244,329.498,2.384
2026-08-23T14:06:49.506102+00:00,ESP32_Node_4,LEAK,1.696,146.427,1.823,7.242,287.469,2.042
2026-08-23T14:21:49.506102+00:00,ESP32_Node_3,WATER_QUALITY,2.776,125.799,0.786,6.298,336.234,2.386
2026-08-23T14:48:49.506102+00:00,ESP32_Node_1,LEAK,1.802,157.015,1.577,7.233,311.171,2.361
2026-08-23T15:44:49.506102+00:00,ESP32_Node_3,NORMAL,2.6,122.822,0.468,7.117,265.824,1.949
2026-08-23T16:01:49.506102+00:00,ESP32_Node_4,NORMAL,2.478,117.817,0.723,7.098,313.532,1.776
2026-08-23T16:13:49.506102+00:00,ESP32_Node_1,WATER_QUALITY,2.389,105.851,0.816,6.082,335.699,2.423
2026-08-23T16:45:49.506102+00:00,ESP32_Node_2,SENSOR_FAULT,2.649,120.296,0.572,7.203,0.0,1.455
2026-08-23T16:49:49.506102+00:00,ESP32_Node_4,NORMAL,2.648,106.776,0.708,7.051,293.174,1.743
2026-08-23T16:59:49.506102+00:00,ESP32_Node_3,NORMAL,2.86,91.954,0.493,7.281,282.12,1.335
2026-08-23T17:16:49.506102+00:00,ESP32_Node_1,WATER_QUALITY,2.439,107.021,0.524,6.242,513.814,3.868
2026-08-23T17:23:49.506102+00:00,ESP32_Node_3,LEAK,1.476,136.36,1.553,6.969,326.209,1.399
2026-08-23T18:00:49.506102+00:00,ESP32_Node_2,WATER_QUALITY,2.64,90,0.512,6.45,585.096,3.5
2026-08-23T18:01:49.506102+00:00,ESP32_Node_2,NORMAL,2.431,95.644,0.755,7.201,304.261,2.027
2026-08-23T18:08:49.506102+00:00,ESP32_Node_1,NORMAL,2.655,95.191,0.612,7.225,265.472,1.774
2026-08-23T18:29:49.506102+00:00,ESP32_Node_1,LEAK,1.527,134.43,1.765,7.322,303.313,1.937
2026-08-23T19:35:49.506102+00:00,ESP32_Node_1,WATER_QUALITY,2.197,97.263,0.77,6.916,541.28,1.936
2026-08-23T19:57:49.506102+00:00,ESP32_Node_4,LEAK,1.465,168.416,1.233,7.214,327.896,1.488
2026-08-23T20:23:49.506102+00:00,ESP32_Node_2,WATER_QUALITY,2.581,134.408,0.458,6.205,328.045,3.229
2026-08-23T21:14:49.506102+00:00,ESP32_Node_4,WATER_QUALITY,2.441,127.377,0.497,7.372,346.321,6.031
2026-08-23T21:16:49.506102+00:00,ESP32_Node_3,NORMAL,2.594,111.272,0.508,7.04,323.366,1.037
2026-08-23T22:12:49.506102+00:00,ESP32_Node_4,NORMAL,2.592,120.004,0.545,7.168,340.57,2.252
2026-08-23T23:38:49.506102+00:00,ESP32_Node_4,NORMAL,2.372,92.383,0.536,7.124,337.242,1.454
2026-08-23T23:45:49.506102+00:00,ESP32_Node_2,NORMAL,2.415,117.81,0.599,7.045,320.738,1.412
2026-08-23T23:52:49.506102+00:00,ESP32_Node_2,EARLY_ANOMALY,2.204,114.836,0.951,7.179,323.872,2.318
2026-08-24T00:08:49.506102+00:00,ESP32_Node_3,SENSOR_FAULT,2.793,105.216,0.0,7.014,290.65,1.532
2026-08-24T00:10:49.506102+00:00,ESP32_Node_1,NORMAL,2.603,120.94,0.558,7.121,339.404,2.129
2026-08-24T00:16:49.506102+00:00,ESP32_Node_3,NORMAL,2.766,129.606,0.503,6.881,300.102,1.566
2026-08-24T00:24:49.506102+00:00,ESP32_Node_4,WATER_QUALITY,2.672,134.81,0.493,8.293,303.452,2.557
2026-08-24T00:38:49.506102+00:00,ESP32_Node_3,NORMAL,2.379,138.0,0.2,7.269,312.594,1.446
2026-08-24T00:52:49.506102+00:00,ESP32_Node_2,SENSOR_FAULT,2.594,108.396,0.711,7.318,323.815,40.0
2026-08-24T01:20:49.506102+00:00,ESP32_Node_3,WATER_QUALITY,2.28,112.181,0.586,6.009,401.143,2.567
2026-08-24T02:29:49.506102+00:00,ESP32_Node_4,LEAK,1.426,160.846,1.619,7.346,360.012,2.473
2026-08-24T03:01:49.506102+00:00,ESP32_Node_3,NORMAL,2.579,129.953,0.71,7.264,318.453,0.938
2026-08-24T03:05:49.506102+00:00,ESP32_Node_3,NORMAL,2.669,92.476,0.653,6.928,352.517,1.996
2026-08-24T03:14:49.506102+00:00,ESP32_Node_3,WATER_QUALITY,2.238,114.987,0.492,6.791,542.13,5.723
2026-08-24T03:27:49.506102+00:00,ESP32_Node_4,WATER_QUALITY,2.692,115.394,0.471,7.302,326.033,5.563
2026-08-24T03:30:49.506102+00:00,ESP32_Node_2,SENSOR_FAULT,0.05,90,0.39,7.085,324.445,2.309
2026-08-24T03:34:49.506102+00:00,ESP32_Node_4,NORMAL,2.249,119.794,0.405,7.173,331.508,1.032
2026-08-24T04:16:49.506102+00:00,ESP32_Node_2,SENSOR_FAULT,2.347,116.817,0.671,7.12,1200.0,1.3
2026-08-24T04:19:49.506102+00:00,ESP32_Node_2,SENSOR_FAULT,2.658,129.977,0.0,7.104,298.809,1.814
2026-08-24T04:25:49.506102+00:00,ESP32_Node_3,WATER_QUALITY,2.414,118.007,0.536,6.57,291.472,3.301
2026-08-24T04:41:49.506102+00:00,ESP32_Node_2,NORMAL,2.374,118.898,0.675,7.19,322.344,1.174
2026-08-24T04:50:49.506102+00:00,ESP32_Node_4,EARLY_ANOMALY,2.194,125.515,1.199,7.101,276.814,2.69
2026-08-24T04:50:49.506102+00:00,ESP32_Node_4,EARLY_ANOMALY,2.435,128.765,1.022,7.001,301.911,2.163
2026-08-24T05:56:49.506102+00:00,ESP32_Node_1,LEAK,1.252,152.746,1.768,7.186,250,1.507
2026-08-24T06:11:49.506102+00:00,ESP32_Node_3,LEAK,1.801,178.192,1.984,7.185,309.192,2.122
2026-08-24T06:24:49.506102+00:00,ESP32_Node_3,NORMAL,2.194,134.018,0.703,7.146,307.484,1.501
2026-08-24T06:38:49.506102+00:00,ESP32_Node_2,WATER_QUALITY,2.759,115.127,0.554,6.172,345.727,2.192
2026-08-24T06:51:49.506102+00:00,ESP32_Node_4,NORMAL,2.708,109.694,0.527,7.054,299.958,1.817
2026-08-24T07:46:49.506102+00:00,ESP32_Node_4,SENSOR_FAULT,2.671,135.081,0.445,7.242,1200.0,2.152
2026-08-24T07:49:49.506102+00:00,ESP32_Node_3,LEAK,1.623,137.985,1.537,7.278,320.709,1.769
2026-08-24T08:11:49.506102+00:00,ESP32_Node_1,EARLY_ANOMALY,2.341,141.482,0.999,7.312,324.874,1.844
2026-08-24T08:29:49.506102+00:00,ESP32_Node_4,LEAK,1.655,127.793,1.894,7.245,328.764,1.763
2026-08-24T08:50:49.506102+00:00,ESP32_Node_2,NORMAL,2.582,130.929,0.683,7.186,333.694,1.356
2026-08-24T09:26:49.506102+00:00,ESP32_Node_2,LEAK,1.547,171.297,1.424,7.139,343.982,1.858
2026-08-24T09:32:49.506102+00:00,ESP32_Node_1,NORMAL,2.849,132.375,0.478,7.393,323.667,1.878
2026-08-24T09:42:49.506102+00:00,ESP32_Node_2,WATER_QUALITY,2.84,105.208,0.816,6.22,469.159,6.155
2026-08-24T10:09:49.506102+00:00,ESP32_Node_3,NORMAL,2.718,102.707,0.298,7.307,321.648,1.335
2026-08-24T10:40:49.506102+00:00,ESP32_Node_3,NORMAL,2.545,118.018,0.498,7.221,303.408,1.496
2026-08-24T12:06:49.506102+00:00,ESP32_Node_1,WATER_QUALITY,2.623,125.636,0.646,6.438,554.259,6.714
2026-08-24T12:14:49.506102+00:00,ESP32_Node_4,EARLY_ANOMALY,1.991,144.598,1.333,7.203,319.676,2.055
2026-08-24T12:40:49.506102+00:00,ESP32_Node_3,LEAK,2.15,160.663,1.675,6.991,367.669,1.565
2026-08-24T12:40:49.506102+00:00,ESP32_Node_1,WATER_QUALITY,2.807,110.59,0.412,6.9,529.36,2.578
2026-08-24T12:40:49.506102+00:00,ESP32_Node_2,EARLY_ANOMALY,2.396,149.508,1.225,6.967,297.142,1.715
2026-08-24T13:14:49.506102+00:00,ESP32_Node_1,NORMAL,2.535,124.336,0.707,7.243,290.343,1.725
2026-08-24T13:56:49.506102+00:00,ESP32_Node_4,LEAK,1.608,180.117,1.677,7.151,314.85,2.629
2026-08-24T13:59:49.506102+00:00,ESP32_Node_2,EARLY_ANOMALY,2.016,174.352,1.12,7.034,393.097,2.041
2026-08-24T14:30:49.506102+00:00,ESP32_Node_2,LEAK,1.691,200.079,2.02,7.171,303.521,1.866
2026-08-24T15:00:49.506102+00:00,ESP32_Node_2,WATER_QUALITY,2.879,107.499,0.529,6.793,358.461,8.404
2026-08-24T15:02:49.506102+00:00,ESP32_Node_3,NORMAL,2.27,112.436,0.684,7.373,319.563,1.771
2026-08-24T15:15:49.506102+00:00,ESP32_Node_1,LEAK,1.786,159.739,1.535,6.876,327.873,1.455
2026-08-24T15:46:49.506102+00:00,ESP32_Node_2,SENSOR_FAULT,5.5,97.711,0.548,7.028,313.044,1.862
2026-08-24T15:49:49.506102+00:00,ESP32_Node_4,SENSOR_FAULT,2.7,136.079,0.329,13.0,337.128,1.259
2026-08-24T16:31:49.506102+00:00,ESP32_Node_1,NORMAL,2.63,124.364,0.646,7.17,316.069,1.413
2026-08-24T16:31:49.506102+00:00,ESP32_Node_1,WATER_QUALITY,2.195,114.385,0.497,7.306,292.55,6.706
2026-08-24T17:35:49.506102+00:00,ESP32_Node_3,LEAK,1.519,174.05,1.225,7.237,304.968,2.358
2026-08-24T17:35:49.506102+00:00,ESP32_Node_3,NORMAL,2.509,113.678,0.447,7.183,283.232,1.439
2026-08-24T17:45:49.506102+00:00,ESP32_Node_4,NORMAL,2.563,128.485,0.657,7.044,328.741,1.518
2026-08-24T17:58:49.506102+00:00,ESP32_Node_4,EARLY_ANOMALY,2.178,148.371,1.028,6.922,294.958,2.639
2026-08-24T18:47:49.506102+00:00,ESP32_Node_4,SENSOR_FAULT,2.682,110.983,0.0,7.166,354.403,1.459
2026-08-24T19:19:49.506102+00:00,ESP32_Node_2,WATER_QUALITY,2.502,104.948,0.44,8.126,325.267,1.838
2026-08-24T19:50:49.506102+00:00,ESP32_Node_1,SENSOR_FAULT,5.5,119.476,0.544,7.225,298.66,1.964
2026-08-24T19:53:49.506102+00:00,ESP32_Node_1,EARLY_ANOMALY,2.293,137.869,1.049,7.031,324.522,3.017
2026-08-24T20:57:49.506102+00:00,ESP32_Node_1,NORMAL,2.814,144.192,0.673,7.026,367.077,1.585
2026-08-24T21:04:49.506102+00:00,ESP32_Node_4,LEAK,1.609,188.79,1.728,7.056,326.86,1.455
2026-08-24T21:09:49.506102+00:00,ESP32_Node_4,EARLY_ANOMALY,2.226,129.784,0.944,6.891,367.616,3.095
2026-08-24T21:56:49.506102+00:00,ESP32_Node_3,SENSOR_FAULT,2.429,117.55,0.42,3.2,312.49,1.561
2026-08-24T22:02:49.506102+00:00,ESP32_Node_3,SENSOR_FAULT,5.5,90,0.387,7.122,338.595,1.89
2026-08-24T22:07:49.506102+00:00,ESP32_Node_4,NORMAL,2.455,122.799,0.821,7.225,269.517,1.791
2026-08-24T22:13:49.506102+00:00,ESP32_Node_3,NORMAL,2.682,114.079,0.418,7.216,312.218,1.893
2026-08-24T22:19:49.506102+00:00,ESP32_Node_1,LEAK,1.51,190.803,1.054,7.179,288.118,1.447
2026-08-24T22:31:49.506102+00:00,ESP32_Node_2,LEAK,1.716,137.126,1.562,7.238,292.259,2.595
2026-08-24T22:37:49.506102+00:00,ESP32_Node_1,WATER_QUALITY,2.533,122.63,0.385,7.202,614.69,2.968
2026-08-24T22:41:49.506102+00:00,ESP32_Node_4,SENSOR_FAULT,2.564,97.071,0.42,3.2,297.701,1.269
2026-08-24T23:25:49.506102+00:00,ESP32_Node_3,NORMAL,2.248,114.685,0.325,7.237,304.735,1.111
2026-08-25T01:09:49.506102+00:00,ESP32_Node_2,WATER_QUALITY,2.434,130.462,0.655,8.245,278.633,2.592
2026-08-25T01:12:49.506102+00:00,ESP32_Node_2,NORMAL,2.228,119.928,0.476,7.207,350.709,1.929
2026-08-25T01:24:49.506102+00:00,ESP32_Node_1,NORMAL,2.514,114.074,0.873,7.089,327.497,2.126
2026-08-25T02:01:49.506102+00:00,ESP32_Node_4,NORMAL,2.372,131.625,0.695,6.896,303.96,1.703
2026-08-25T02:32:49.506102+00:00,ESP32_Node_1,WATER_QUALITY,2.542,120.805,0.644,7.043,342.808,5.961
2026-08-25T02:37:49.506102+00:00,ESP32_Node_2,WATER_QUALITY,2.696,125.909,0.384,7.238,382.092,6.987
2026-08-25T02:46:49.506102+00:00,ESP32_Node_1,SENSOR_FAULT,2.321,127.277,7.0,7.167,333.396,1.341
2026-08-25T02:51:49.506102+00:00,ESP32_Node_4,SENSOR_FAULT,0.05,122.826,0.655,7.321,301.873,1.771
2026-08-25T03:00:49.506102+00:00,ESP32_Node_1,WATER_QUALITY,2.453,128.015,0.2,7.193,502.901,2.569
2026-08-25T03:00:49.506102+00:00,ESP32_Node_2,LEAK,1.814,161.957,1.397,7.109,302.029,2.092
2026-08-25T03:36:49.506102+00:00,ESP32_Node_4,NORMAL,2.656,135.991,0.716,7.189,304.865,2.065
2026-08-25T03:55:49.506102+00:00,ESP32_Node_3,NORMAL,2.517,112.726,0.524,7.108,341.507,0.849
2026-08-25T04:03:49.506102+00:00,ESP32_Node_2,NORMAL,2.486,120.723,0.706,7.059,262.746,1.69
2026-08-25T04:28:49.506102+00:00,ESP32_Node_2,WATER_QUALITY,2.344,122.527,0.391,7.009,505.547,2.49
2026-08-25T05:00:49.506102+00:00,ESP32_Node_4,NORMAL,2.393,103.656,0.527,7.23,345.076,1.918
2026-08-25T05:20:49.506102+00:00,ESP32_Node_2,NORMAL,2.612,136.503,0.428,7.135,337.956,1.518
2026-08-25T05:22:49.506102+00:00,ESP32_Node_2,WATER_QUALITY,2.694,130.968,0.484,7.022,400,1.861
2026-08-25T05:48:49.506102+00:00,ESP32_Node_4,WATER_QUALITY,2.45,138.969,0.359,8.479,305.525,2.101
2026-08-25T05:53:49.506102+00:00,ESP32_Node_2,SENSOR_FAULT,0.0,132.527,0.31,7.208,304.039,1.437
2026-08-25T06:17:49.506102+00:00,ESP32_Node_2,WATER_QUALITY,2.526,101.51,0.712,8.332,310.906,2.239
2026-08-25T06:34:49.506102+00:00,ESP32_Node_2,NORMAL,2.607,117.312,0.427,7.077,309.887,1.737
2026-08-25T06:51:49.506102+00:00,ESP32_Node_4,NORMAL,2.748,120.435,0.514,6.907,338.802,1.331
2026-08-25T07:10:49.506102+00:00,ESP32_Node_1,SENSOR_FAULT,2.665,134.49,0.406,7.222,2000.0,1.449
2026-08-25T07:13:49.506102+00:00,ESP32_Node_1,LEAK,1.887,156.925,1.632,7.092,307.852,1.805
2026-08-25T07:43:49.506102+00:00,ESP32_Node_2,NORMAL,2.1,130.043,0.419,7.261,341.605,1.393
2026-08-25T07:55:49.506102+00:00,ESP32_Node_4,NORMAL,2.512,126.815,0.644,7.102,286.948,2.177
2026-08-25T08:43:49.506102+00:00,ESP32_Node_4,NORMAL,2.617,103.471,0.383,7.166,331.259,1.428
2026-08-25T08:54:49.506102+00:00,ESP32_Node_1,NORMAL,2.437,122.62,0.532,7.144,303.852,0.849
2026-08-25T08:56:49.506102+00:00,ESP32_Node_3,LEAK,1.89,179.164,1.226,7.125,344.027,2.479
2026-08-25T09:08:49.506102+00:00,ESP32_Node_2,NORMAL,2.583,124.006,0.607,7.081,287.338,2.482
2026-08-25T10:10:49.506102+00:00,ESP32_Node_1,WATER_QUALITY,2.545,115.004,0.406,5.904,412.194,5.16
2026-08-25T10:14:49.506102+00:00,ESP32_Node_4,NORMAL,2.702,107.579,0.367,7.173,329.272,1.986
2026-08-25T10:49:49.506102+00:00,ESP32_Node_2,SENSOR_FAULT,2.656,500.0,0.558,7.074,319.829,1.262
2026-08-25T11:18:49.506102+00:00,ESP32_Node_3,WATER_QUALITY,2.56,114.636,0.436,7.003,494.725,1.783
2026-08-25T11:43:49.506102+00:00,ESP32_Node_1,EARLY_ANOMALY,2.099,146.656,1.134,7.226,309.424,2.255
2026-08-25T11:53:49.506102+00:00,ESP32_Node_1,LEAK,1.736,146.045,2.178,7.25,305.367,2.472
2026-08-25T12:39:49.506102+00:00,ESP32_Node_2,WATER_QUALITY,2.757,133.016,0.549,6.955,299.267,4.577
2026-08-25T13:18:49.506102+00:00,ESP32_Node_2,EARLY_ANOMALY,2.392,132.919,1.192,7.299,287.098,2.592
2026-08-25T13:31:49.506102+00:00,ESP32_Node_3,NORMAL,2.812,125.105,0.561,7.228,313.278,2.218
2026-08-25T13:47:49.506102+00:00,ESP32_Node_4,WATER_QUALITY,2.279,107.339,0.689,7.123,377.083,4.938
2026-08-25T14:26:49.506102+00:00,ESP32_Node_3,SENSOR_FAULT,2.409,122.789,0.549,7.189,2000.0,1.94
2026-08-25T15:07:49.506102+00:00,ESP32_Node_2,WATER_QUALITY,2.501,120.078,0.523,7.051,520.575,2.51
2026-08-25T15:11:49.506102+00:00,ESP32_Node_4,EARLY_ANOMALY,2.127,135.11,1.232,6.933,300.952,2.37
2026-08-25T15:13:49.506102+00:00,ESP32_Node_4,LEAK,1.937,167.419,1.661,7.22,326.934,1.65
2026-08-25T15:43:49.506102+00:00,ESP32_Node_2,WATER_QUALITY,2.322,141.852,0.528,6.737,570.377,4.691
2026-08-25T16:10:49.506102+00:00,ESP32_Node_1,LEAK,1.73,151.45,1.843,7.237,315.143,2.682
2026-08-25T16:10:49.506102+00:00,ESP32_Node_4,LEAK,1.732,140.51,1.431,7.275,302.989,2.29
2026-08-25T16:32:49.506102+00:00,ESP32_Node_1,SENSOR_FAULT,5.5,132.252,0.558,7.287,348.246,1.209
2026-08-25T16:33:49.506102+00:00,ESP32_Node_2,NORMAL,2.563,126.458,0.755,7.24,340.394,2.057
2026-08-25T16:57:49.506102+00:00,ESP32_Node_4,WATER_QUALITY,2.518,128.411,0.681,6.363,503.963,3.5
2026-08-25T17:11:49.506102+00:00,ESP32_Node_4,NORMAL,2.564,119.101,0.645,7.077,313.316,2.117
2026-08-25T17:40:49.506102+00:00,ESP32_Node_3,WATER_QUALITY,2.513,126.447,0.77,6.444,539.34,5.164
2026-08-25T17:50:49.506102+00:00,ESP32_Node_1,SENSOR_FAULT,2.549,125.273,0.557,13.0,303.366,1.586
2026-08-25T18:20:49.506102+00:00,ESP32_Node_2,LEAK,1.665,143.487,1.435,7.169,363.69,2.328
2026-08-25T18:50:49.506102+00:00,ESP32_Node_1,LEAK,1.671,153.611,1.139,7.125,307.512,1.79
2026-08-25T19:18:49.506102+00:00,ESP32_Node_4,NORMAL,2.692,141.794,0.455,7.102,334.125,2.335
2026-08-25T20:12:49.506102+00:00,ESP32_Node_4,WATER_QUALITY,2.247,141.768,0.538,5.974,302.884,1.64
2026-08-25T20:50:49.506102+00:00,ESP32_Node_1,NORMAL,2.411,124.616,0.653,7.08,317.84,1.879
2026-08-25T20:55:49.506102+00:00,ESP32_Node_4,NORMAL,2.609,122.194,0.516,7.127,305.123,2.19
2026-08-25T21:06:49.506102+00:00,ESP32_Node_1,NORMAL,2.648,124.691,0.579,7.27,359.191,1.703
2026-08-25T21:08:49.506102+00:00,ESP32_Node_1,WATER_QUALITY,2.342,120.678,0.442,8.375,390.001,2.358
2026-08-25T21:21:49.506102+00:00,ESP32_Node_3,WATER_QUALITY,2.639,119.308,0.447,7.113,547.81,1.964
2026-08-25T21:56:49.506102+00:00,ESP32_Node_2,NORMAL,2.775,136.363,0.305,7.214,301.124,1.751
2026-08-25T22:03:49.506102+00:00,ESP32_Node_4,EARLY_ANOMALY,2.269,155.725,1.257,6.887,260.493,2.025
2026-08-25T22:17:49.506102+00:00,ESP32_Node_4,SENSOR_FAULT,2.532,122.054,0.431,7.145,25.0,1.784
2026-08-25T22:23:49.506102+00:00,ESP32_Node_1,NORMAL,2.663,118.516,0.488,7.307,312.911,1.396
2026-08-25T22:25:49.506102+00:00,ESP32_Node_3,NORMAL,2.574,150,0.631,7.172,296.112,1.421
2026-08-25T22:30:49.506102+00:00,ESP32_Node_1,LEAK,2.003,182.743,1.397,7.182,308.667,2.412
2026-08-25T22:41:49.506102+00:00,ESP32_Node_2,NORMAL,2.818,123.629,0.232,7.162,293.048,1.507
2026-08-25T22:44:49.506102+00:00,ESP32_Node_4,NORMAL,2.466,139.463,0.598,7.021,318.033,1.278
2026-08-25T22:46:49.506102+00:00,ESP32_Node_1,LEAK,1.771,149.465,1.71,7.275,323.115,1.933
2026-08-25T22:50:49.506102+00:00,ESP32_Node_3,EARLY_ANOMALY,2.307,154.419,1.16,7.201,351.87,2.303
2026-08-25T23:31:49.506102+00:00,ESP32_Node_1,SENSOR_FAULT,2.253,90.176,0.625,7.151,352.195,20.0
2026-08-25T23:42:49.506102+00:00,ESP32_Node_2,EARLY_ANOMALY,2.178,131.997,0.768,7.026,331.466,1.843
2026-08-26T00:00:49.506102+00:00,ESP32_Node_2,EARLY_ANOMALY,2.345,152.735,1.051,7.168,290.189,3.033
2026-08-26T01:09:49.506102+00:00,ESP32_Node_1,LEAK,1.742,176.975,2.134,7.047,310.791,2.659
2026-08-26T01:34:49.506102+00:00,ESP32_Node_4,WATER_QUALITY,2.274,129.431,0.655,5.998,371.347,1.997
2026-08-26T01:51:49.506102+00:00,ESP32_Node_4,LEAK,1.697,183.101,1.976,7.044,332.138,2.064
2026-08-26T02:00:49.506102+00:00,ESP32_Node_3,WATER_QUALITY,2.785,103.388,0.469,6.224,335.495,1.991
2026-08-26T02:18:49.506102+00:00,ESP32_Node_2,SENSOR_FAULT,0.05,110.34,0.554,7.065,317.946,2.183
2026-08-26T02:26:49.506102+00:00,ESP32_Node_1,LEAK,1.666,183.677,1.916,7.045,322.776,2.168
2026-08-26T02:58:49.506102+00:00,ESP32_Node_3,NORMAL,2.493,105.3,0.654,7.173,323.424,1.89
2026-08-26T03:52:49.506102+00:00,ESP32_Node_2,SENSOR_FAULT,2.48,111.614,0.616,7.199,1200.0,1.67
2026-08-26T04:25:49.506102+00:00,ESP32_Node_1,SENSOR_FAULT,2.415,112.68,0.377,2.5,316.407,1.106
2026-08-26T04:40:49.506102+00:00,ESP32_Node_1,NORMAL,2.682,127.438,0.548,7.149,335.2,1.958
2026-08-26T04:56:49.506102+00:00,ESP32_Node_4,SENSOR_FAULT,2.824,115.619,0.635,7.067,324.614,40.0
2026-08-26T05:29:49.506102+00:00,ESP32_Node_1,LEAK,1.755,162.316,1.473,6.955,288.716,2.33
2026-08-26T06:04:49.506102+00:00,ESP32_Node_1,NORMAL,2.405,111.216,0.586,7.294,287.237,1.808
2026-08-26T06:22:49.506102+00:00,ESP32_Node_2,WATER_QUALITY,2.4,121.678,0.771,7.053,320.454,7.59
2026-08-26T06:30:49.506102+00:00,ESP32_Node_4,NORMAL,2.619,116.895,0.579,6.996,316.682,2.17
2026-08-26T06:36:49.506102+00:00,ESP32_Node_4,LEAK,1.56,173.617,1.789,7.009,337.317,1.941
2026-08-26T06:40:49.506102+00:00,ESP32_Node_2,LEAK,1.522,136.584,1.855,7.084,285.552,1.445
2026-08-26T06:54:49.506102+00:00,ESP32_Node_2,NORMAL,2.897,111.135,0.727,7.37,284.912,1.581
2026-08-26T07:10:49.506102+00:00,ESP32_Node_2,EARLY_ANOMALY,2.311,136.987,1.208,6.967,365.858,1.589
2026-08-26T07:12:49.506102+00:00,ESP32_Node_3,EARLY_ANOMALY,2.313,120.382,0.65,7.28,348.275,2.837
2026-08-26T07:21:49.506102+00:00,ESP32_Node_1,NORMAL,2.409,108.425,0.53,7.069,330.522,1.703
2026-08-26T07:23:49.506102+00:00,ESP32_Node_4,NORMAL,2.462,111.498,0.871,7.112,348.949,1.218
2026-08-26T07:27:49.506102+00:00,ESP32_Node_1,NORMAL,2.493,109.964,0.749,7.118,329.171,1.821
2026-08-26T07:36:49.506102+00:00,ESP32_Node_3,WATER_QUALITY,2.45,122.829,0.558,8.235,420,1.841
2026-08-26T07:57:49.506102+00:00,ESP32_Node_1,WATER_QUALITY,2.51,133.971,0.613,5.763,313.909,2.962
2026-08-26T09:11:49.506102+00:00,ESP32_Node_4,WATER_QUALITY,2.514,116.023,0.574,7.135,386.964,6.991
2026-08-26T10:03:49.506102+00:00,ESP32_Node_3,NORMAL,2.773,102.157,0.414,7.195,276.058,1.85
2026-08-26T10:15:49.506102+00:00,ESP32_Node_4,LEAK,1.716,167.172,1.714,7.154,278.409,2.43
2026-08-26T10:18:49.506102+00:00,ESP32_Node_3,NORMAL,2.466,104.068,0.657,7.115,320.065,2.564
2026-08-26T10:36:49.506102+00:00,ESP32_Node_1,WATER_QUALITY,2.463,117.727,0.555,7.28,629.228,2.281
2026-08-26T10:38:49.506102+00:00,ESP32_Node_1,NORMAL,2.49,137.693,0.473,7.1,329.315,1.548
2026-08-26T10:39:49.506102+00:00,ESP32_Node_2,NORMAL,2.728,124.999,0.577,7.12,349.84,1.988
2026-08-26T11:18:49.506102+00:00,ESP32_Node_1,LEAK,1.942,182.389,1.726,7.189,306.844,2.104
2026-08-26T11:20:49.506102+00:00,ESP32_Node_1,LEAK,1.783,149.689,1.801,7.176,288.303,1.825
2026-08-26T11:32:49.506102+00:00,ESP32_Node_3,EARLY_ANOMALY,2.443,132.168,1.221,6.889,387.654,2.06
2026-08-26T11:46:49.506102+00:00,ESP32_Node_1,LEAK,1.8,177.491,1.877,7.1,323.515,1.961
2026-08-26T11:56:49.506102+00:00,ESP32_Node_3,SENSOR_FAULT,2.545,125.048,7.0,7.025,287.789,1.516
2026-08-26T12:08:49.506102+00:00,ESP32_Node_2,NORMAL,2.565,119.748,0.537,7.024,283.38,1.89
2026-08-26T12:28:49.506102+00:00,ESP32_Node_1,WATER_QUALITY,2.609,114.946,0.331,7.0,380,5.779
2026-08-26T12:36:49.506102+00:00,ESP32_Node_1,LEAK,1.968,188.128,1.517,7.29,266.409,1.754
2026-08-26T12:47:49.506102+00:00,ESP32_Node_3,LEAK,1.369,156.363,1.599,7.114,321.702,0.8
2026-08-26T13:53:49.506102+00:00,ESP32_Node_4,EARLY_ANOMALY,2.23,131.496,1.147,7.034,288.986,2.006
2026-08-26T14:46:49.506102+00:00,ESP32_Node_4,NORMAL,2.278,114.252,0.388,7.314,279.47,1.585
2026-08-26T14:49:49.506102+00:00,ESP32_Node_3,SENSOR_FAULT,2.283,350.0,0.537,7.028,277.487,0.941
2026-08-26T15:09:49.506102+00:00,ESP32_Node_1,WATER_QUALITY,2.227,131.502,0.716,7.054,541.719,2.533
2026-08-26T15:09:49.506102+00:00,ESP32_Node_4,WATER_QUALITY,2.489,118.031,0.462,8.044,333.979,1.979
2026-08-26T15:47:49.506102+00:00,ESP32_Node_2,NORMAL,2.331,123.755,0.56,7.182,319.501,1.829
2026-08-26T15:52:49.506102+00:00,ESP32_Node_1,NORMAL,2.411,128.591,0.328,6.938,309.909,1.763
2026-08-26T15:56:49.506102+00:00,ESP32_Node_1,NORMAL,2.643,112.657,0.444,7.045,331.385,2.186
2026-08-26T16:29:49.506102+00:00,ESP32_Node_3,WATER_QUALITY,2.663,114.966,0.402,6.984,250,9.831
2026-08-26T16:32:49.506102+00:00,ESP32_Node_4,WATER_QUALITY,2.461,133.446,0.596,6.704,564.616,1.625
2026-08-26T16:39:49.506102+00:00,ESP32_Node_2,NORMAL,2.515,113.078,0.572,7.107,293.515,1.301
2026-08-26T17:57:49.506102+00:00,ESP32_Node_2,NORMAL,2.548,109.956,0.791,7.222,334.676,1.585
2026-08-26T17:58:49.506102+00:00,ESP32_Node_4,WATER_QUALITY,2.387,120.233,0.594,6.861,587.559,2.08
2026-08-26T18:55:49.506102+00:00,ESP32_Node_1,NORMAL,2.399,128.561,0.429,6.984,320.559,1.247
2026-08-26T19:57:49.506102+00:00,ESP32_Node_3,WATER_QUALITY,2.372,113.942,0.673,6.067,488.181,6.296
2026-08-26T20:10:49.506102+00:00,ESP32_Node_4,WATER_QUALITY,2.417,123.126,0.646,6.636,500.876,5.27
2026-08-26T20:20:49.506102+00:00,ESP32_Node_1,NORMAL,2.538,114.53,0.547,7.222,328.386,1.679
2026-08-26T20:52:49.506102+00:00,ESP32_Node_1,EARLY_ANOMALY,2.162,130.215,0.786,7.192,267.207,2.465
2026-08-26T20:56:49.506102+00:00,ESP32_Node_3,WATER_QUALITY,2.692,121.525,0.742,6.209,340.165,1.836
2026-08-26T21:12:49.506102+00:00,ESP32_Node_1,LEAK,1.791,150.442,1.376,7.0,337.962,1.839
2026-08-26T21:31:49.506102+00:00,ESP32_Node_4,LEAK,1.401,164.311,1.62,7.354,309.322,2.303
2026-08-26T21:57:49.506102+00:00,ESP32_Node_1,LEAK,1.645,146.351,1.81,7.134,262.41,1.673
2026-08-26T22:03:49.506102+00:00,ESP32_Node_3,NORMAL,2.759,104.567,0.385,7.08,337.673,1.605
2026-08-26T23:17:49.506102+00:00,ESP32_Node_1,NORMAL,2.725,135.039,0.514,7.168,304.51,2.204
2026-08-26T23:54:49.506102+00:00,ESP32_Node_1,NORMAL,2.475,132.203,0.54,7.225,324.949,1.866
2026-08-27T00:15:49.506102+00:00,ESP32_Node_2,EARLY_ANOMALY,1.8,126.567,0.882,7.209,290.55,2.034
2026-08-27T00:20:49.506102+00:00,ESP32_Node_4,LEAK,1.601,145.028,1.938,7.005,299.019,1.974
2026-08-27T00:21:49.506102+00:00,ESP32_Node_4,NORMAL,2.389,121.671,0.519,6.969,324.239,1.807
2026-08-27T00:21:49.506102+00:00,ESP32_Node_3,EARLY_ANOMALY,1.906,123.55,1.289,7.136,367.101,2.315
2026-08-27T00:54:49.506102+00:00,ESP32_Node_3,SENSOR_FAULT,2.642,129.454,0.639,7.222,1200.0,1.3
2026-08-27T00:55:49.506102+00:00,ESP32_Node_1,NORMAL,2.491,139.874,0.513,7.365,324.187,2.0
2026-08-27T01:11:49.506102+00:00,ESP32_Node_3,LEAK,1.923,158.263,1.706,6.931,305.562,1.983
2026-08-27T01:34:49.506102+00:00,ESP32_Node_1,NORMAL,2.512,111.062,0.522,7.248,309.847,1.38
2026-08-27T01:58:49.506102+00:00,ESP32_Node_3,NORMAL,2.36,118.715,0.45,7.157,298.787,1.449
2026-08-27T02:51:49.506102+00:00,ESP32_Node_4,SENSOR_FAULT,2.535,132.553,4.5,7.006,319.311,1.578
2026-08-27T03:05:49.506102+00:00,ESP32_Node_3,NORMAL,2.277,137.35,0.575,7.131,303.887,1.569
2026-08-27T03:23:49.506102+00:00,ESP32_Node_3,NORMAL,2.421,129.895,0.408,7.335,320.199,1.822
2026-08-27T04:04:49.506102+00:00,ESP32_Node_2,NORMAL,2.4,123.994,0.572,7.018,289.763,1.699
2026-08-27T04:14:49.506102+00:00,ESP32_Node_2,EARLY_ANOMALY,2.279,142.62,0.784,6.806,338.923,2.571
2026-08-27T04:15:49.506102+00:00,ESP32_Node_3,WATER_QUALITY,2.268,150.466,0.684,8.342,347.744,3.073
2026-08-27T04:47:49.506102+00:00,ESP32_Node_4,NORMAL,2.796,121.079,0.696,6.878,299.654,1.787
2026-08-27T05:01:49.506102+00:00,ESP32_Node_2,LEAK,1.91,178.324,1.822,7.315,301.502,2.064
2026-08-27T05:07:49.506102+00:00,ESP32_Node_4,NORMAL,2.503,108.963,0.6,7.143,319.717,1.806
2026-08-27T05:28:49.506102+00:00,ESP32_Node_3,WATER_QUALITY,2.547,113.808,0.631,5.84,307.904,3.683
2026-08-27T05:42:49.506102+00:00,ESP32_Node_3,NORMAL,2.327,127.402,0.817,7.398,273.431,1.736
2026-08-27T05:43:49.506102+00:00,ESP32_Node_3,NORMAL,2.372,107.003,0.326,7.254,279.572,1.665
2026-08-27T05:46:49.506102+00:00,ESP32_Node_4,NORMAL,2.631,125.429,0.505,7.128,270.073,1.659
2026-08-27T06:28:49.506102+00:00,ESP32_Node_1,EARLY_ANOMALY,2.436,161.242,1.093,7.194,357.966,2.332
2026-08-27T06:29:49.506102+00:00,ESP32_Node_3,NORMAL,2.498,104.28,0.76,7.088,294.956,1.41
2026-08-27T06:53:49.506102+00:00,ESP32_Node_3,NORMAL,2.614,111.921,0.479,7.133,298.065,1.426
2026-08-27T07:16:49.506102+00:00,ESP32_Node_3,SENSOR_FAULT,2.54,122.346,0.697,13.0,334.023,2.11
2026-08-27T07:18:49.506102+00:00,ESP32_Node_2,LEAK,1.721,143.726,2.057,7.141,252.246,1.796
2026-08-27T07:18:49.506102+00:00,ESP32_Node_3,NORMAL,2.282,102.065,0.571,7.04,323.504,1.283
2026-08-27T07:49:49.506102+00:00,ESP32_Node_1,SENSOR_FAULT,2.672,500.0,0.339,7.148,300.298,2.062
2026-08-27T08:18:49.506102+00:00,ESP32_Node_1,NORMAL,2.667,128.19,0.438,6.891,307.5,0.962
2026-08-27T08:45:49.506102+00:00,ESP32_Node_3,LEAK,1.828,190.309,2.08,7.111,296.316,1.937
2026-08-27T08:48:49.506102+00:00,ESP32_Node_4,NORMAL,2.851,111.086,0.358,7.113,310.908,1.835
2026-08-27T09:33:49.506102+00:00,ESP32_Node_2,NORMAL,2.233,131.177,0.572,7.005,298.152,1.619
2026-08-27T09:37:49.506102+00:00,ESP32_Node_3,WATER_QUALITY,2.744,122.443,0.629,6.14,331.699,2.417
2026-08-27T09:42:49.506102+00:00,ESP32_Node_1,NORMAL,2.583,116.003,0.566,7.121,321.956,1.708
2026-08-27T10:02:49.506102+00:00,ESP32_Node_2,NORMAL,2.556,129.432,0.385,7.215,300.453,1.621
2026-08-27T10:06:49.506102+00:00,ESP32_Node_4,NORMAL,2.616,115.871,0.454,7.148,317.12,1.408
2026-08-27T10:10:49.506102+00:00,ESP32_Node_1,NORMAL,2.463,134.036,0.464,7.287,328.813,2.13
2026-08-27T10:11:49.506102+00:00,ESP32_Node_1,LEAK,1.536,169.851,1.898,7.127,336.01,1.786
2026-08-27T10:20:49.506102+00:00,ESP32_Node_1,EARLY_ANOMALY,2.264,155.768,1.09,7.106,342.832,2.162
2026-08-27T10:54:49.506102+00:00,ESP32_Node_4,SENSOR_FAULT,2.69,116.087,0.399,7.052,309.848,40.0
2026-08-27T11:39:49.506102+00:00,ESP32_Node_4,NORMAL,2.352,122.033,0.43,7.148,304.689,1.5
2026-08-27T11:47:49.506102+00:00,ESP32_Node_3,LEAK,2.068,145.228,1.295,7.159,313.357,1.671
2026-08-27T11:54:49.506102+00:00,ESP32_Node_3,SENSOR_FAULT,7.0,117.905,0.441,7.219,325.366,1.304
2026-08-27T12:13:49.506102+00:00,ESP32_Node_4,LEAK,1.514,153.536,1.477,7.178,288.765,2.003
2026-08-27T12:22:49.506102+00:00,ESP32_Node_1,NORMAL,2.448,110.0,0.476,7.222,316.481,1.92
2026-08-27T12:25:49.506102+00:00,ESP32_Node_2,NORMAL,2.603,99.909,0.567,7.189,329.35,1.273
2026-08-27T12:31:49.506102+00:00,ESP32_Node_1,NORMAL,2.378,99.124,0.431,7.059,317.865,1.882
2026-08-27T12:43:49.506102+00:00,ESP32_Node_2,SENSOR_FAULT,2.445,102.66,0.454,7.14,271.049,0.05
2026-08-27T12:49:49.506102+00:00,ESP32_Node_1,NORMAL,2.548,124.223,0.606,7.297,306.72,2.088
2026-08-27T13:57:49.506102+00:00,ESP32_Node_3,LEAK,1.629,204.927,1.543,6.976,333.095,2.203
2026-08-27T14:29:49.506102+00:00,ESP32_Node_1,SENSOR_FAULT,2.54,126.918,0.72,3.2,296.514,1.501
2026-08-27T14:41:49.506102+00:00,ESP32_Node_3,EARLY_ANOMALY,1.8,121.721,1.05,7.033,328.423,2.581
2026-08-27T15:21:49.506102+00:00,ESP32_Node_1,WATER_QUALITY,2.677,120.404,0.879,6.563,478.569,6.403
2026-08-27T15:27:49.506102+00:00,ESP32_Node_1,EARLY_ANOMALY,2.177,122.769,0.772,7.068,345.692,1.598
2026-08-27T15:40:49.506102+00:00,ESP32_Node_3,NORMAL,2.47,130.382,0.611,7.227,291.584,2.093
2026-08-27T16:49:49.506102+00:00,ESP32_Node_2,WATER_QUALITY,2.748,101.373,0.727,8.088,340.112,1.922
2026-08-27T17:04:49.506102+00:00,ESP32_Node_1,WATER_QUALITY,2.757,101.992,0.905,5.983,313.89,1.471
2026-08-27T17:07:49.506102+00:00,ESP32_Node_2,SENSOR_FAULT,5.5,141.929,0.551,7.157,318.362,1.741
2026-08-27T17:16:49.506102+00:00,ESP32_Node_2,WATER_QUALITY,2.442,124.563,0.68,6.817,527.469,9.427
2026-08-27T17:26:49.506102+00:00,ESP32_Node_2,NORMAL,2.564,120.123,0.541,7.079,323.623,1.489
2026-08-27T18:01:49.506102+00:00,ESP32_Node_1,NORMAL,2.623,133.029,0.285,7.21,326.436,1.736
2026-08-27T18:56:49.506102+00:00,ESP32_Node_1,LEAK,1.491,178.942,2.043,7.014,306.307,1.393
2026-08-27T19:02:49.506102+00:00,ESP32_Node_3,SENSOR_FAULT,2.606,149.861,0.598,13.0,299.045,1.624
2026-08-27T19:08:49.506102+00:00,ESP32_Node_2,NORMAL,2.247,119.963,0.566,7.114,314.178,1.621
2026-08-27T19:16:49.506102+00:00,ESP32_Node_2,NORMAL,2.676,129.84,0.46,7.126,326.053,1.436
2026-08-27T19:49:49.506102+00:00,ESP32_Node_2,WATER_QUALITY,2.08,149.767,0.532,5.8,480.625,4.395
2026-08-27T19:54:49.506102+00:00,ESP32_Node_2,LEAK,1.624,176.898,1.746,6.934,296.467,1.441
2026-08-27T20:27:49.506102+00:00,ESP32_Node_3,NORMAL,2.704,112.55,0.557,7.193,301.934,2.037
2026-08-27T20:34:49.506102+00:00,ESP32_Node_3,NORMAL,2.67,111.249,0.607,7.154,304.677,1.779
2026-08-27T20:38:49.506102+00:00,ESP32_Node_1,SENSOR_FAULT,2.405,116.206,0.614,11.5,324.96,2.268
2026-08-27T21:30:49.506102+00:00,ESP32_Node_1,WATER_QUALITY,2.56,119.122,0.483,6.073,336.506,2.096
2026-08-27T21:40:49.506102+00:00,ESP32_Node_2,LEAK,1.844,151.078,1.886,7.056,334.022,1.958
2026-08-27T21:44:49.506102+00:00,ESP32_Node_1,NORMAL,2.579,125.129,0.527,7.307,307.704,1.448
2026-08-27T21:54:49.506102+00:00,ESP32_Node_4,LEAK,1.818,172.186,2.201,7.311,293.755,2.257
2026-08-27T22:03:49.506102+00:00,ESP32_Node_4,SENSOR_FAULT,0.0,119.674,0.597,7.013,299.697,2.145
2026-08-27T22:07:49.506102+00:00,ESP32_Node_3,NORMAL,2.591,126.787,0.482,6.941,313.597,1.5
2026-08-27T22:17:49.506102+00:00,ESP32_Node_3,LEAK,1.764,149.454,2.121,7.19,349.056,1.44
2026-08-27T22:35:49.506102+00:00,ESP32_Node_3,NORMAL,2.841,122.363,0.45,6.989,318.83,1.611
2026-08-27T23:06:49.506102+00:00,ESP32_Node_3,NORMAL,2.624,117.787,0.624,7.138,326.805,1.636
2026-08-27T23:50:49.506102+00:00,ESP32_Node_2,NORMAL,2.479,125.938,0.685,7.248,252.934,1.76
2026-08-28T00:36:49.506102+00:00,ESP32_Node_2,WATER_QUALITY,2.183,143.611,0.68,7.212,375.463,6.41
2026-08-28T00:37:49.506102+00:00,ESP32_Node_3,NORMAL,2.637,131.554,0.54,6.98,299.738,1.647
2026-08-28T01:43:49.506102+00:00,ESP32_Node_2,NORMAL,2.522,144.939,0.592,7.168,335.993,1.749
2026-08-28T02:10:49.506102+00:00,ESP32_Node_1,SENSOR_FAULT,2.466,104.529,0.36,2.5,304.831,1.705
2026-08-28T02:22:49.506102+00:00,ESP32_Node_2,SENSOR_FAULT,0.05,142.359,0.617,7.144,293.044,2.115
2026-08-28T02:24:49.506102+00:00,ESP32_Node_2,NORMAL,2.495,95.52,0.471,7.116,287.831,1.76
2026-08-28T02:26:49.506102+00:00,ESP32_Node_2,EARLY_ANOMALY,2.496,143.401,0.99,7.381,330.581,2.213
2026-08-28T02:27:49.506102+00:00,ESP32_Node_2,NORMAL,2.401,112.841,0.548,6.945,281.149,1.899
2026-08-28T02:28:49.506102+00:00,ESP32_Node_2,NORMAL,2.466,110.882,0.615,7.262,275.088,1.598
2026-08-28T02:33:49.506102+00:00,ESP32_Node_1,NORMAL,2.399,111.906,0.637,7.211,349.721,1.642
2026-08-28T02:49:49.506102+00:00,ESP32_Node_3,WATER_QUALITY,2.811,91.723,0.802,6.614,660.811,8.82
2026-08-28T03:03:49.506102+00:00,ESP32_Node_2,WATER_QUALITY,2.84,121.108,0.673,6.483,422.301,6.725
2026-08-28T03:10:49.506102+00:00,ESP32_Node_3,LEAK,1.739,196.005,1.529,6.77,321.758,2.09
2026-08-28T03:20:49.506102+00:00,ESP32_Node_1,EARLY_ANOMALY,2.112,146.437,0.843,6.912,328.285,2.513
2026-08-28T04:29:49.506102+00:00,ESP32_Node_2,LEAK,1.823,177.363,1.502,7.216,348.179,2.027
2026-08-28T04:50:49.506102+00:00,ESP32_Node_2,EARLY_ANOMALY,2.269,166.711,0.952,7.295,313.935,2.158
2026-08-28T04:51:49.506102+00:00,ESP32_Node_1,NORMAL,2.639,110.564,0.448,7.346,331.088,1.389
2026-08-28T04:52:49.506102+00:00,ESP32_Node_2,WATER_QUALITY,2.593,119.432,0.513,8.228,297.977,2.647
2026-08-28T04:57:49.506102+00:00,ESP32_Node_1,LEAK,1.967,174.684,1.66,7.017,281.206,1.818
2026-08-28T05:39:49.506102+00:00,ESP32_Node_3,SENSOR_FAULT,2.542,107.503,0.526,2.5,323.176,2.042
2026-08-28T05:43:49.506102+00:00,ESP32_Node_4,SENSOR_FAULT,2.616,118.774,7.0,7.204,338.204,1.47
2026-08-28T05:49:49.506102+00:00,ESP32_Node_3,LEAK,1.771,158.94,1.953,7.276,350.849,1.54
2026-08-28T07:01:49.506102+00:00,ESP32_Node_2,SENSOR_FAULT,2.665,142.44,4.5,7.003,291.47,1.757
2026-08-28T07:44:49.506102+00:00,ESP32_Node_4,NORMAL,2.683,142.92,0.461,7.229,307.947,2.09
2026-08-28T08:01:49.506102+00:00,ESP32_Node_1,SENSOR_FAULT,2.667,118.638,0.702,7.232,1200.0,1.709
2026-08-28T08:01:49.506102+00:00,ESP32_Node_1,EARLY_ANOMALY,1.923,137.1,0.935,7.006,324.458,2.34
2026-08-28T08:38:49.506102+00:00,ESP32_Node_4,NORMAL,2.589,135.733,0.555,7.139,321.699,1.191
2026-08-28T08:54:49.506102+00:00,ESP32_Node_3,EARLY_ANOMALY,2.165,158.821,1.03,7.056,311.739,2.183
2026-08-28T09:23:49.506102+00:00,ESP32_Node_2,NORMAL,2.466,106.208,0.678,7.118,303.888,1.337
2026-08-28T10:10:49.506102+00:00,ESP32_Node_2,NORMAL,2.624,119.642,0.647,7.004,285.206,2.8
2026-08-28T10:34:49.506102+00:00,ESP32_Node_3,WATER_QUALITY,2.619,100.939,0.703,8.082,334.444,2.483
2026-08-28T11:11:49.506102+00:00,ESP32_Node_3,NORMAL,2.459,121.108,0.493,7.017,299.775,2.189
2026-08-28T11:46:49.506102+00:00,ESP32_Node_3,NORMAL,2.461,92.705,0.496,7.1,297.042,1.496
2026-08-28T12:22:49.506102+00:00,ESP32_Node_3,NORMAL,2.392,131.014,0.51,7.264,274.644,1.964
2026-08-28T12:29:49.506102+00:00,ESP32_Node_4,NORMAL,2.35,124.051,0.632,7.099,313.854,1.457
2026-08-28T12:56:49.506102+00:00,ESP32_Node_1,NORMAL,2.755,120.081,0.607,7.144,308.887,1.786
2026-08-28T13:00:49.506102+00:00,ESP32_Node_3,SENSOR_FAULT,2.51,115.378,0.322,7.282,0.0,2.364
2026-08-28T13:18:49.506102+00:00,ESP32_Node_2,NORMAL,2.704,114.344,0.53,7.102,339.716,1.619
2026-08-28T13:42:49.506102+00:00,ESP32_Node_1,NORMAL,2.545,137.115,0.629,7.348,320.099,1.515
2026-08-28T14:00:49.506102+00:00,ESP32_Node_3,NORMAL,2.652,105.075,0.502,7.116,327.46,1.893
2026-08-28T14:29:49.506102+00:00,ESP32_Node_1,WATER_QUALITY,2.424,127.659,0.461,6.31,356.381,2.531
2026-08-28T14:32:49.506102+00:00,ESP32_Node_4,NORMAL,2.644,122.001,0.426,7.324,318.509,1.542
2026-08-28T15:04:49.506102+00:00,ESP32_Node_3,NORMAL,2.646,127.215,0.411,7.125,335.655,2.428
2026-08-28T16:23:49.506102+00:00,ESP32_Node_1,EARLY_ANOMALY,2.349,122.566,0.943,6.931,307.055,1.695
2026-08-28T17:16:49.506102+00:00,ESP32_Node_2,LEAK,1.71,185.071,1.39,7.153,307.405,1.904
2026-08-28T17:40:49.506102+00:00,ESP32_Node_2,EARLY_ANOMALY,2.162,152.647,1.448,7.342,268.151,1.816
2026-08-28T17:41:49.506102+00:00,ESP32_Node_1,NORMAL,2.517,114.64,0.7,7.04,312.339,1.383
2026-08-28T18:04:49.506102+00:00,ESP32_Node_3,SENSOR_FAULT,5.5,117.82,0.603,7.075,294.459,2.302
2026-08-28T18:06:49.506102+00:00,ESP32_Node_3,LEAK,1.689,149.631,1.357,7.307,342.797,1.678
2026-08-28T18:09:49.506102+00:00,ESP32_Node_2,NORMAL,2.697,127.442,0.602,7.215,322.829,1.53
2026-08-28T18:12:49.506102+00:00,ESP32_Node_3,SENSOR_FAULT,2.747,350.0,0.439,7.234,322.931,1.723
2026-08-28T18:17:49.506102+00:00,ESP32_Node_4,LEAK,1.332,170.327,1.371,7.115,250,2.035
2026-08-28T18:21:49.506102+00:00,ESP32_Node_2,EARLY_ANOMALY,2.397,148.921,1.058,7.079,339.012,2.711
2026-08-28T18:36:49.506102+00:00,ESP32_Node_2,WATER_QUALITY,2.27,123.959,0.764,8.464,319.241,2.301
2026-08-28T18:45:49.506102+00:00,ESP32_Node_2,NORMAL,2.299,108.649,0.572,7.322,317.121,1.243
2026-08-28T18:51:49.506102+00:00,ESP32_Node_3,LEAK,1.917,169.191,1.202,7.104,364.828,1.657
2026-08-28T19:08:49.506102+00:00,ESP32_Node_2,NORMAL,2.402,121.645,0.625,7.101,341.529,1.527
2026-08-28T19:33:49.506102+00:00,ESP32_Node_3,NORMAL,2.572,130.846,0.499,7.184,306.638,1.279
2026-08-28T21:18:49.506102+00:00,ESP32_Node_3,EARLY_ANOMALY,2.565,159.604,1.17,7.118,246.26,2.355
2026-08-28T22:09:49.506102+00:00,ESP32_Node_3,NORMAL,2.685,126.461,0.544,7.201,285.197,2.128
2026-08-28T22:12:49.506102+00:00,ESP32_Node_3,SENSOR_FAULT,2.808,128.642,0.599,3.2,295.116,1.607
2026-08-28T22:23:49.506102+00:00,ESP32_Node_3,EARLY_ANOMALY,2.273,160.874,0.678,7.076,370.143,1.429
2026-08-28T22:31:49.506102+00:00,ESP32_Node_1,WATER_QUALITY,2.413,130.251,0.615,8.221,343.254,3.15
2026-08-28T22:35:49.506102+00:00,ESP32_Node_2,NORMAL,2.718,150,0.715,7.13,352.099,0.918
2026-08-28T22:36:49.506102+00:00,ESP32_Node_2,WATER_QUALITY,2.487,116.185,0.507,6.067,507.104,7.383
2026-08-28T22:48:49.506102+00:00,ESP32_Node_4,SENSOR_FAULT,2.486,5.0,0.578,6.883,333.328,1.772
2026-08-28T23:03:49.506102+00:00,ESP32_Node_4,NORMAL,2.543,99.545,0.391,7.081,303.179,1.347
2026-08-28T23:25:49.506102+00:00,ESP32_Node_3,WATER_QUALITY,2.482,96.616,0.597,8.199,349.59,2.047
2026-08-28T23:38:49.506102+00:00,ESP32_Node_3,EARLY_ANOMALY,2.407,141.293,0.719,7.156,329.688,1.964
2026-08-28T23:49:49.506102+00:00,ESP32_Node_2,NORMAL,2.23,123.127,0.4,7.368,361.515,1.779
2026-08-29T00:01:49.506102+00:00,ESP32_Node_3,NORMAL,2.371,116.305,0.413,7.099,298.955,2.052
2026-08-29T00:36:49.506102+00:00,ESP32_Node_1,LEAK,1.584,158.229,1.004,7.113,324.573,1.852
2026-08-29T01:00:49.506102+00:00,ESP32_Node_4,EARLY_ANOMALY,2.222,142.504,0.888,7.006,390.577,1.951
2026-08-29T01:12:49.506102+00:00,ESP32_Node_4,LEAK,1.931,165.233,1.461,6.966,328.409,1.719
2026-08-29T01:27:49.506102+00:00,ESP32_Node_3,LEAK,1.892,152.956,1.524,6.862,338.731,2.172
2026-08-29T01:37:49.506102+00:00,ESP32_Node_4,WATER_QUALITY,2.183,121.536,0.509,8.057,317.353,2.144
2026-08-29T02:13:49.506102+00:00,ESP32_Node_1,LEAK,1.668,159.031,1.986,7.078,318.003,0.997
2026-08-29T02:37:49.506102+00:00,ESP32_Node_3,NORMAL,2.648,115.691,0.756,7.222,325.719,1.54
2026-08-29T02:55:49.506102+00:00,ESP32_Node_3,NORMAL,2.471,109.183,0.75,6.98,266.679,2.062
2026-08-29T03:19:49.506102+00:00,ESP32_Node_4,WATER_QUALITY,2.75,142.471,0.528,6.038,314.164,1.248
2026-08-29T03:48:49.506102+00:00,ESP32_Node_4,LEAK,1.591,173.359,1.717,7.185,322.758,2.605
2026-08-29T04:35:49.506102+00:00,ESP32_Node_4,SENSOR_FAULT,2.727,115.885,0.577,7.343,1200.0,1.798
2026-08-29T04:36:49.506102+00:00,ESP32_Node_4,SENSOR_FAULT,7.0,113.124,0.716,7.21,335.353,1.777
2026-08-29T04:37:49.506102+00:00,ESP32_Node_2,LEAK,1.258,140.921,1.291,7.095,306.35,2.08
2026-08-29T04:49:49.506102+00:00,ESP32_Node_1,EARLY_ANOMALY,2.194,154.509,1.08,6.933,352.852,2.034
2026-08-29T04:57:49.506102+00:00,ESP32_Node_3,WATER_QUALITY,2.465,108.327,0.541,5.834,292.771,2.483
2026-08-29T05:01:49.506102+00:00,ESP32_Node_2,NORMAL,2.455,117.007,0.797,7.134,291.105,1.715
2026-08-29T05:38:49.506102+00:00,ESP32_Node_1,NORMAL,2.737,125.719,0.394,7.146,321.547,1.952
2026-08-29T06:47:49.506102+00:00,ESP32_Node_3,NORMAL,2.649,116.765,0.531,7.078,283.956,2.018
2026-08-29T06:48:49.506102+00:00,ESP32_Node_4,NORMAL,2.509,124.972,0.516,7.154,305.206,1.543
2026-08-29T07:10:49.506102+00:00,ESP32_Node_3,WATER_QUALITY,2.828,128.925,0.727,8.615,355.218,1.446
2026-08-29T09:22:49.506102+00:00,ESP32_Node_1,NORMAL,2.619,115.331,0.551,7.118,330.745,1.886
2026-08-29T10:05:49.506102+00:00,ESP32_Node_4,LEAK,1.355,176.597,1.161,7.119,334.512,2.389
2026-08-29T10:09:49.506102+00:00,ESP32_Node_3,WATER_QUALITY,2.592,131.699,0.571,6.736,353.767,5.877
2026-08-29T10:33:49.506102+00:00,ESP32_Node_1,NORMAL,2.535,125.717,0.428,7.172,311.006,1.454
2026-08-29T10:37:49.506102+00:00,ESP32_Node_4,LEAK,2.104,173.772,1.201,7.258,326.398,1.895
2026-08-29T11:05:49.506102+00:00,ESP32_Node_2,LEAK,1.735,170.52,1.497,7.037,323.998,2.052
2026-08-29T11:08:49.506102+00:00,ESP32_Node_2,LEAK,1.719,173.031,1.472,7.271,271.535,2.586
2026-08-29T11:28:49.506102+00:00,ESP32_Node_4,LEAK,1.611,153.239,1.849,7.278,335.549,2.673
2026-08-29T12:24:49.506102+00:00,ESP32_Node_3,WATER_QUALITY,2.63,101.399,0.713,6.264,349.37,2.748
2026-08-29T12:25:49.506102+00:00,ESP32_Node_1,NORMAL,2.727,118.022,0.67,7.269,327.715,2.351
2026-08-29T12:28:49.506102+00:00,ESP32_Node_4,NORMAL,2.424,122.328,0.442,7.233,349.631,1.564
2026-08-29T12:44:49.506102+00:00,ESP32_Node_4,NORMAL,2.641,136.46,0.438,7.136,336.4,1.573
2026-08-29T13:37:49.506102+00:00,ESP32_Node_2,NORMAL,2.746,133.847,0.711,7.405,349.387,1.589
2026-08-29T14:14:49.506102+00:00,ESP32_Node_1,SENSOR_FAULT,2.421,110.137,0.564,11.5,319.459,1.888
2026-08-29T14:17:49.506102+00:00,ESP32_Node_4,WATER_QUALITY,2.336,121.302,0.402,6.05,380,8.629
2026-08-29T14:21:49.506102+00:00,ESP32_Node_3,LEAK,1.461,157.167,1.786,7.076,338.449,1.869
2026-08-29T14:30:49.506102+00:00,ESP32_Node_2,NORMAL,2.81,115.804,0.529,7.171,312.254,1.393
2026-08-29T14:52:49.506102+00:00,ESP32_Node_4,LEAK,1.671,194.442,1.699,7.047,279.217,2.057
2026-08-29T15:06:49.506102+00:00,ESP32_Node_4,NORMAL,2.712,103.393,0.481,7.124,293.367,2.279
2026-08-29T15:09:49.506102+00:00,ESP32_Node_1,NORMAL,2.539,131.298,0.565,7.298,297.327,1.745
2026-08-29T15:39:49.506102+00:00,ESP32_Node_4,WATER_QUALITY,2.591,151.998,0.547,7.342,321.231,8.559
2026-08-29T16:02:49.506102+00:00,ESP32_Node_2,SENSOR_FAULT,2.623,0.0,0.66,6.965,337.521,1.674
2026-08-29T16:12:49.506102+00:00,ESP32_Node_3,EARLY_ANOMALY,2.302,143.531,1.117,7.068,332.023,2.953
2026-08-29T16:20:49.506102+00:00,ESP32_Node_3,NORMAL,2.192,134.53,0.58,7.071,358.58,1.874
2026-08-29T17:16:49.506102+00:00,ESP32_Node_3,WATER_QUALITY,2.305,102.958,0.233,6.927,400,2.14
2026-08-29T17:32:49.506102+00:00,ESP32_Node_2,WATER_QUALITY,2.592,129.911,0.586,8.759,297.11,3.463
2026-08-29T17:45:49.506102+00:00,ESP32_Node_1,NORMAL,2.604,114.089,0.648,7.182,318.568,1.569
2026-08-29T17:58:49.506102+00:00,ESP32_Node_1,SENSOR_FAULT,2.767,112.905,0.0,7.212,305.029,1.394
2026-08-29T18:25:49.506102+00:00,ESP32_Node_2,NORMAL,2.49,128.647,0.576,7.057,323.371,1.603
2026-08-29T18:26:49.506102+00:00,ESP32_Node_2,NORMAL,2.65,102.369,0.601,7.03,319.002,1.518
2026-08-29T18:52:49.506102+00:00,ESP32_Node_4,NORMAL,2.598,121.927,0.565,7.058,319.351,1.369
2026-08-29T19:16:49.506102+00:00,ESP32_Node_2,NORMAL,2.786,117.527,0.473,7.253,306.992,1.551
2026-08-29T19:28:49.506102+00:00,ESP32_Node_1,LEAK,1.59,177.46,1.573,7.217,320.425,1.813
2026-08-29T19:43:49.506102+00:00,ESP32_Node_4,LEAK,1.638,144.398,1.91,7.11,298.334,1.935
2026-08-29T20:19:49.506102+00:00,ESP32_Node_4,EARLY_ANOMALY,2.029,124.495,1.151,7.278,346.994,1.454
2026-08-29T20:21:49.506102+00:00,ESP32_Node_3,NORMAL,2.574,108.047,0.705,7.302,321.651,1.872
2026-08-29T20:36:49.506102+00:00,ESP32_Node_1,WATER_QUALITY,2.395,126.117,0.457,6.385,298.435,3.191
2026-08-29T20:57:49.506102+00:00,ESP32_Node_1,LEAK,1.586,157.15,1.335,7.06,294.286,2.163
2026-08-29T21:16:49.506102+00:00,ESP32_Node_2,LEAK,1.458,212.197,2.078,7.046,313.182,1.652
2026-08-29T21:29:49.506102+00:00,ESP32_Node_1,NORMAL,2.739,113.209,0.648,7.097,323.65,1.616
2026-08-29T22:21:49.506102+00:00,ESP32_Node_4,NORMAL,2.411,97.476,0.331,6.92,284.015,2.534
2026-08-29T22:50:49.506102+00:00,ESP32_Node_4,NORMAL,2.665,110.223,0.443,7.159,311.73,1.36
2026-08-29T22:52:49.506102+00:00,ESP32_Node_1,LEAK,1.484,168.777,1.661,7.052,300.656,2.172
2026-08-29T22:54:49.506102+00:00,ESP32_Node_3,NORMAL,2.381,122.829,0.581,7.26,341.907,1.337
2026-08-29T23:21:49.506102+00:00,ESP32_Node_1,LEAK,1.905,142.08,1.489,7.139,340.043,2.47
2026-08-30T00:44:49.506102+00:00,ESP32_Node_4,LEAK,1.801,175.839,1.61,7.006,324.059,1.898
2026-08-30T01:36:49.506102+00:00,ESP32_Node_1,LEAK,1.919,177.507,2.03,7.127,357.177,1.944
2026-08-30T01:56:49.506102+00:00,ESP32_Node_4,SENSOR_FAULT,2.747,104.948,0.598,7.181,305.83,0.0
2026-08-30T02:06:49.506102+00:00,ESP32_Node_4,LEAK,1.913,175.389,2.174,6.885,301.188,2.166
2026-08-30T02:08:49.506102+00:00,ESP32_Node_3,NORMAL,2.381,138.053,0.596,7.404,288.518,1.8
2026-08-30T02:47:49.506102+00:00,ESP32_Node_4,NORMAL,2.194,150,0.64,7.239,311.588,1.005
2026-08-30T02:49:49.506102+00:00,ESP32_Node_4,EARLY_ANOMALY,2.302,124.179,0.877,7.182,337.3,2.706
2026-08-30T03:15:49.506102+00:00,ESP32_Node_1,LEAK,1.747,139.899,1.433,7.207,340.728,1.979
2026-08-30T03:23:49.506102+00:00,ESP32_Node_4,LEAK,1.741,172.176,1.244,7.152,342.36,2.189
2026-08-30T03:23:49.506102+00:00,ESP32_Node_1,NORMAL,2.719,103.986,0.54,7.157,288.032,2.17
2026-08-30T04:35:49.506102+00:00,ESP32_Node_1,EARLY_ANOMALY,2.166,131.498,0.897,7.108,341.858,2.817
2026-08-30T05:00:49.506102+00:00,ESP32_Node_3,NORMAL,2.472,121.356,0.711,7.197,283.186,1.464
2026-08-30T05:05:49.506102+00:00,ESP32_Node_2,LEAK,1.424,168.725,1.73,7.145,315.034,1.952
2026-08-30T05:24:49.506102+00:00,ESP32_Node_2,WATER_QUALITY,2.527,127.463,0.56,7.241,435.393,2.229
2026-08-30T05:34:49.506102+00:00,ESP32_Node_3,LEAK,1.686,135.074,2.152,7.009,340.211,2.331
2026-08-30T05:52:49.506102+00:00,ESP32_Node_1,SENSOR_FAULT,2.584,137.368,0.67,7.089,312.843,20.0
2026-08-30T06:31:49.506102+00:00,ESP32_Node_1,LEAK,1.673,163.103,2.144,7.373,347.378,1.981
2026-08-30T07:12:49.506102+00:00,ESP32_Node_3,WATER_QUALITY,2.562,128.201,0.554,8.088,278.502,2.782
2026-08-30T07:35:49.506102+00:00,ESP32_Node_3,NORMAL,2.691,107.376,0.401,7.21,318.758,1.074
2026-08-30T07:45:49.506102+00:00,ESP32_Node_3,WATER_QUALITY,2.576,117.85,0.543,6.712,402.959,5.797
2026-08-30T08:30:49.506102+00:00,ESP32_Node_4,WATER_QUALITY,2.403,128.315,0.391,8.645,298.094,2.662
2026-08-30T08:42:49.506102+00:00,ESP32_Node_2,NORMAL,2.362,133.512,0.529,7.21,344.232,1.706
2026-08-30T08:45:49.506102+00:00,ESP32_Node_2,EARLY_ANOMALY,2.344,145.897,0.65,7.094,337.829,2.748
2026-08-30T09:17:49.506102+00:00,ESP32_Node_1,LEAK,1.527,166.056,1.882,7.087,281.38,2.279
2026-08-30T09:29:49.506102+00:00,ESP32_Node_1,SENSOR_FAULT,2.574,5.0,0.521,7.183,329.317,1.417
2026-08-30T10:01:49.506102+00:00,ESP32_Node_3,WATER_QUALITY,2.607,144.254,0.558,6.925,500.526,2.328
2026-08-30T10:10:49.506102+00:00,ESP32_Node_3,NORMAL,2.658,122.573,0.546,7.134,338.255,1.457
2026-08-30T10:39:49.506102+00:00,ESP32_Node_2,SENSOR_FAULT,2.548,126.285,0.619,7.281,333.917,0.05
2026-08-30T10:54:49.506102+00:00,ESP32_Node_2,WATER_QUALITY,2.507,107.229,0.651,8.116,346.362,1.275
2026-08-30T11:02:49.506102+00:00,ESP32_Node_4,WATER_QUALITY,2.457,114.34,0.622,5.988,419.026,4.797
2026-08-30T12:08:49.506102+00:00,ESP32_Node_2,NORMAL,2.771,132.336,0.646,7.041,355.779,2.393
2026-08-30T13:04:49.506102+00:00,ESP32_Node_2,NORMAL,2.492,120.293,0.45,7.128,269.234,1.56
2026-08-30T13:16:49.506102+00:00,ESP32_Node_4,NORMAL,2.415,118.264,0.614,7.434,324.006,1.78
2026-08-30T13:58:49.506102+00:00,ESP32_Node_3,NORMAL,2.527,125.476,0.88,7.267,282.242,1.162
2026-08-30T14:01:49.506102+00:00,ESP32_Node_4,NORMAL,2.52,128.417,0.5,7.0,277.84,1.852
2026-08-30T14:08:49.506102+00:00,ESP32_Node_1,NORMAL,2.428,105.132,0.732,7.169,291.355,1.871
2026-08-30T14:15:49.506102+00:00,ESP32_Node_4,NORMAL,2.502,107.767,0.457,7.038,303.316,1.747
2026-08-30T14:26:49.506102+00:00,ESP32_Node_1,LEAK,1.691,169.733,1.429,7.028,390,1.461
2026-08-30T16:34:49.506102+00:00,ESP32_Node_3,NORMAL,2.369,115.031,0.582,7.219,286.699,1.947
2026-08-30T16:51:49.506102+00:00,ESP32_Node_4,NORMAL,2.442,135.267,0.628,7.176,328.643,2.054
2026-08-30T17:25:49.506102+00:00,ESP32_Node_3,NORMAL,2.567,118.571,0.371,7.24,305.566,1.257
2026-08-30T19:08:49.506102+00:00,ESP32_Node_2,WATER_QUALITY,2.517,122.036,0.629,7.058,580.516,2.632
2026-08-30T19:20:49.506102+00:00,ESP32_Node_2,NORMAL,2.634,122.921,0.523,7.225,309.44,1.71
2026-08-30T19:23:49.506102+00:00,ESP32_Node_4,WATER_QUALITY,2.598,112.004,0.626,8.661,300.907,2.278
2026-08-30T19:45:49.506102+00:00,ESP32_Node_1,EARLY_ANOMALY,1.98,148.392,1.249,7.215,293.967,1.999
2026-08-30T19:57:49.506102+00:00,ESP32_Node_3,WATER_QUALITY,2.428,132.055,0.809,6.47,286.843,2.391
2026-08-30T20:18:49.506102+00:00,ESP32_Node_1,LEAK,1.506,170.803,1.299,7.193,344.172,2.345
2026-08-30T20:21:49.506102+00:00,ESP32_Node_2,LEAK,1.671,155.723,1.532,7.032,324.53,1.663
2026-08-30T20:28:49.506102+00:00,ESP32_Node_3,WATER_QUALITY,2.161,106.774,0.502,6.783,265.837,6.382
2026-08-30T20:47:49.506102+00:00,ESP32_Node_3,NORMAL,2.594,101.926,0.651,7.03,301.528,2.101
2026-08-30T21:12:49.506102+00:00,ESP32_Node_3,NORMAL,2.432,98.761,0.569,7.251,333.149,1.665
2026-08-30T22:06:49.506102+00:00,ESP32_Node_1,NORMAL,2.557,135.1,0.438,7.063,313.173,1.601
2026-08-30T22:29:49.506102+00:00,ESP32_Node_3,SENSOR_FAULT,0.05,131.505,0.632,7.094,322.955,1.444
2026-08-30T22:32:49.506102+00:00,ESP32_Node_2,LEAK,1.741,166.518,1.796,7.036,323.471,1.693
2026-08-30T22:44:49.506102+00:00,ESP32_Node_1,EARLY_ANOMALY,2.267,128.352,0.836,7.243,309.061,2.215
2026-08-30T22:45:49.506102+00:00,ESP32_Node_2,SENSOR_FAULT,2.336,122.009,0.6,2.5,318.18,1.646
2026-08-30T22:46:49.506102+00:00,ESP32_Node_1,LEAK,2.15,177.061,2.035,6.973,324.532,2.407
2026-08-30T22:50:49.506102+00:00,ESP32_Node_4,LEAK,1.601,196.171,1.331,6.997,351.487,1.862
2026-08-30T23:05:49.506102+00:00,ESP32_Node_3,LEAK,1.675,166.227,2.03,7.175,284.75,1.484
2026-08-30T23:16:49.506102+00:00,ESP32_Node_4,LEAK,1.848,172.589,1.68,7.326,310.903,2.048
2026-08-30T23:23:49.506102+00:00,ESP32_Node_2,NORMAL,2.565,102.517,0.641,7.304,273.156,1.722
2026-08-30T23:43:49.506102+00:00,ESP32_Node_2,NORMAL,2.444,133.739,0.62,7.222,343.368,1.591
2026-08-31T00:01:49.506102+00:00,ESP32_Node_2,LEAK,1.816,168.765,1.849,7.157,298.723,1.878
2026-08-31T00:03:49.506102+00:00,ESP32_Node_4,LEAK,1.854,163.488,1.382,7.214,319.53,2.178
2026-08-31T00:22:49.506102+00:00,ESP32_Node_1,LEAK,1.691,167.557,1.87,6.939,310.398,1.906
2026-08-31T00:27:49.506102+00:00,ESP32_Node_4,LEAK,1.851,167.013,1.885,7.057,320.674,2.319
2026-08-31T00:28:49.506102+00:00,ESP32_Node_2,NORMAL,2.618,90,0.529,7.21,304.188,1.495
2026-08-31T00:50:49.506102+00:00,ESP32_Node_3,NORMAL,2.641,101.826,0.236,7.089,289.852,2.007
2026-08-31T01:27:49.506102+00:00,ESP32_Node_1,LEAK,1.596,125.391,1.364,7.171,321.598,1.837
2026-08-31T01:49:49.506102+00:00,ESP32_Node_4,WATER_QUALITY,2.729,108.675,0.56,7.262,540.489,1.655
2026-08-31T01:52:49.506102+00:00,ESP32_Node_2,NORMAL,2.587,117.187,0.435,7.162,341.77,1.479
2026-08-31T01:59:49.506102+00:00,ESP32_Node_2,SENSOR_FAULT,2.687,145.196,0.471,7.099,352.464,20.0
2026-08-31T02:10:49.506102+00:00,ESP32_Node_2,LEAK,1.619,170.024,1.948,7.114,348.56,2.088
2026-08-31T02:42:49.506102+00:00,ESP32_Node_4,LEAK,1.826,161.513,1.656,7.278,307.257,1.798
2026-08-31T02:50:49.506102+00:00,ESP32_Node_3,WATER_QUALITY,2.547,107.728,0.686,6.658,604.22,5.794
2026-08-31T02:59:49.506102+00:00,ESP32_Node_3,WATER_QUALITY,2.541,105.618,0.575,8.138,338.035,2.775
2026-08-31T03:00:49.506102+00:00,ESP32_Node_2,LEAK,1.738,143.721,1.353,7.152,267.39,2.252
2026-08-31T03:10:49.506102+00:00,ESP32_Node_2,LEAK,1.634,187.292,1.834,7.104,333.59,1.651
2026-08-31T04:00:49.506102+00:00,ESP32_Node_4,WATER_QUALITY,2.583,121.748,0.686,6.905,488.882,2.197
2026-08-31T04:09:49.506102+00:00,ESP32_Node_4,LEAK,1.497,179.55,1.908,7.182,367.514,1.614
2026-08-31T04:54:49.506102+00:00,ESP32_Node_4,WATER_QUALITY,2.414,119.214,0.681,7.137,524.395,2.446
2026-08-31T06:22:49.506102+00:00,ESP32_Node_4,LEAK,1.748,165.067,1.815,7.256,305.443,1.562
2026-08-31T07:03:49.506102+00:00,ESP32_Node_2,NORMAL,2.435,90,0.576,7.15,302.23,1.576
2026-08-31T07:30:49.506102+00:00,ESP32_Node_4,EARLY_ANOMALY,2.149,147.568,1.022,7.332,352.531,2.329
2026-08-31T08:44:49.506102+00:00,ESP32_Node_4,NORMAL,2.64,107.215,0.703,7.227,314.825,1.877
2026-08-31T08:54:49.506102+00:00,ESP32_Node_2,LEAK,1.868,197.772,1.54,7.071,333.409,2.278
2026-08-31T09:12:49.506102+00:00,ESP32_Node_3,EARLY_ANOMALY,2.303,150.38,1.368,7.076,316.119,1.38
2026-08-31T09:12:49.506102+00:00,ESP32_Node_2,NORMAL,2.502,115.672,0.442,7.152,327.926,1.852
2026-08-31T09:18:49.506102+00:00,ESP32_Node_4,NORMAL,2.732,105.966,0.61,7.171,315.166,1.999
2026-08-31T10:07:49.506102+00:00,ESP32_Node_4,WATER_QUALITY,2.598,107.669,0.408,8.248,346.549,2.956
2026-08-31T10:14:49.506102+00:00,ESP32_Node_1,WATER_QUALITY,2.358,97.981,0.596,7.111,505.107,2.47
2026-08-31T10:22:49.506102+00:00,ESP32_Node_2,NORMAL,2.369,127.77,0.457,7.189,291.05,1.465
2026-08-31T10:55:49.506102+00:00,ESP32_Node_2,NORMAL,2.49,119.861,0.636,6.996,275.674,1.6
2026-08-31T11:11:49.506102+00:00,ESP32_Node_3,WATER_QUALITY,2.882,107.75,0.447,8.276,378.839,2.144
2026-08-31T11:54:49.506102+00:00,ESP32_Node_1,WATER_QUALITY,2.214,115.784,0.568,6.224,535.914,3.5
2026-08-31T12:57:49.506102+00:00,ESP32_Node_2,EARLY_ANOMALY,2.229,109.066,1.393,7.077,333.41,1.623
2026-08-31T13:23:49.506102+00:00,ESP32_Node_4,EARLY_ANOMALY,2.562,121.319,1.256,7.216,376.508,2.37
2026-08-31T13:49:49.506102+00:00,ESP32_Node_3,NORMAL,2.342,120.928,0.418,7.286,303.587,1.925
2026-08-31T14:38:49.506102+00:00,ESP32_Node_1,LEAK,1.602,192.466,1.668,6.953,337.522,2.142
2026-08-31T14:41:49.506102+00:00,ESP32_Node_2,WATER_QUALITY,2.438,130.932,0.632,8.294,314.193,2.941
2026-08-31T14:49:49.506102+00:00,ESP32_Node_4,NORMAL,2.535,118.201,0.429,7.129,345.017,1.759
2026-08-31T14:59:49.506102+00:00,ESP32_Node_2,NORMAL,2.467,121.694,0.67,7.154,321.708,1.413
2026-08-31T15:07:49.506102+00:00,ESP32_Node_3,SENSOR_FAULT,2.669,117.451,0.315,11.5,317.758,1.412
2026-08-31T15:12:49.506102+00:00,ESP32_Node_4,SENSOR_FAULT,2.513,122.162,7.0,7.384,319.758,2.127
2026-08-31T15:16:49.506102+00:00,ESP32_Node_3,LEAK,1.737,150.352,1.997,7.18,331.546,2.276
2026-08-31T17:04:49.506102+00:00,ESP32_Node_2,WATER_QUALITY,2.474,107.829,0.873,7.182,332.896,6.504
2026-08-31T17:05:49.506102+00:00,ESP32_Node_3,NORMAL,2.592,124.734,0.708,7.078,294.294,1.287
2026-08-31T17:36:49.506102+00:00,ESP32_Node_3,NORMAL,2.709,110.175,0.475,7.059,287.794,2.25
2026-08-31T17:43:49.506102+00:00,ESP32_Node_2,NORMAL,2.437,108.731,0.652,7.073,328.419,1.88
2026-08-31T18:18:49.506102+00:00,ESP32_Node_2,NORMAL,2.338,120.233,0.569,7.292,278.428,1.83
2026-08-31T19:07:49.506102+00:00,ESP32_Node_3,NORMAL,2.545,115.987,0.719,7.1,318.135,1.59
2026-08-31T19:14:49.506102+00:00,ESP32_Node_4,NORMAL,2.72,96.842,0.501,7.011,310.888,1.26
2026-08-31T19:17:49.506102+00:00,ESP32_Node_1,LEAK,1.712,151.532,1.665,7.106,327.498,1.736
2026-08-31T19:25:49.506102+00:00,ESP32_Node_3,LEAK,1.651,156.064,2.238,7.22,312.228,2.301
2026-08-31T20:30:49.506102+00:00,ESP32_Node_1,NORMAL,2.369,108.883,0.54,7.127,304.566,2.287
2026-08-31T20:39:49.506102+00:00,ESP32_Node_4,WATER_QUALITY,2.477,129.281,0.829,7.432,314.971,8.172
2026-08-31T22:07:49.506102+00:00,ESP32_Node_4,LEAK,1.773,160.42,2.042,7.335,319.54,1.749
2026-08-31T22:10:49.506102+00:00,ESP32_Node_2,NORMAL,2.389,123.563,0.6,7.061,313.513,2.064
2026-08-31T22:32:49.506102+00:00,ESP32_Node_4,WATER_QUALITY,2.62,123.079,0.503,8.303,364.347,2.195
2026-08-31T22:33:49.506102+00:00,ESP32_Node_4,NORMAL,2.533,119.262,0.863,7.149,325.042,1.32
2026-08-31T23:20:49.506102+00:00,ESP32_Node_1,NORMAL,2.535,124.847,0.316,7.143,307.958,1.884
2026-08-31T23:31:49.506102+00:00,ESP32_Node_4,SENSOR_FAULT,2.492,134.579,0.421,7.067,305.797,40.0
2026-08-31T23:47:49.506102+00:00,ESP32_Node_2,NORMAL,2.541,116.472,0.424,7.27,339.665,1.609
2026-09-01T00:23:49.506102+00:00,ESP32_Node_1,WATER_QUALITY,2.735,113.792,0.488,7.291,533.763,2.271
2026-09-01T00:34:49.506102+00:00,ESP32_Node_2,SENSOR_FAULT,2.653,102.836,0.362,2.5,274.986,1.809
2026-09-01T01:10:49.506102+00:00,ESP32_Node_1,LEAK,1.929,168.335,2.145,7.152,358.97,1.696
2026-09-01T01:23:49.506102+00:00,ESP32_Node_3,WATER_QUALITY,2.603,147.607,0.571,6.973,457.539,2.534
2026-09-01T02:03:49.506102+00:00,ESP32_Node_4,NORMAL,2.548,119.399,0.468,7.079,300.154,1.299
2026-09-01T02:50:49.506102+00:00,ESP32_Node_4,SENSOR_FAULT,2.95,120.641,0.464,7.285,0.0,1.549
2026-09-01T03:06:49.506102+00:00,ESP32_Node_3,EARLY_ANOMALY,2.594,159.505,1.536,7.01,326.682,1.936
2026-09-01T03:09:49.506102+00:00,ESP32_Node_4,EARLY_ANOMALY,2.028,140.593,0.956,7.193,272.462,1.549
2026-09-01T03:57:49.506102+00:00,ESP32_Node_4,WATER_QUALITY,2.522,134.942,0.657,6.113,470.679,6.162
2026-09-01T04:03:49.506102+00:00,ESP32_Node_3,NORMAL,2.329,111.247,0.633,7.17,307.802,1.838
2026-09-01T04:38:49.506102+00:00,ESP32_Node_3,EARLY_ANOMALY,2.2,147.797,1.381,7.13,317.209,2.184
2026-09-01T04:44:49.506102+00:00,ESP32_Node_1,NORMAL,2.447,114.608,0.371,6.928,296.074,1.581
2026-09-01T05:04:49.506102+00:00,ESP32_Node_3,LEAK,2.029,164.189,1.745,7.228,289.516,1.381
2026-09-01T05:16:49.506102+00:00,ESP32_Node_2,NORMAL,2.641,136.178,0.395,7.25,327.842,1.444
2026-09-01T05:54:49.506102+00:00,ESP32_Node_2,WATER_QUALITY,2.651,135.487,0.646,7.124,553.407,2.79
2026-09-01T06:06:49.506102+00:00,ESP32_Node_3,WATER_QUALITY,2.83,138.334,0.652,5.767,296.546,2.988
2026-09-01T06:18:49.506102+00:00,ESP32_Node_2,NORMAL,2.633,122.844,0.576,7.258,339.116,1.885
2026-09-01T07:13:49.506102+00:00,ESP32_Node_3,SENSOR_FAULT,2.428,133.829,0.521,7.19,317.844,0.05
2026-09-01T07:35:49.506102+00:00,ESP32_Node_1,WATER_QUALITY,2.638,90,0.778,7.12,346.24,7.551
2026-09-01T07:56:49.506102+00:00,ESP32_Node_2,SENSOR_FAULT,2.436,129.572,0.657,3.2,340.966,2.387
2026-09-01T08:10:49.506102+00:00,ESP32_Node_3,NORMAL,2.442,111.627,0.74,7.231,312.645,1.347
2026-09-01T08:25:49.506102+00:00,ESP32_Node_2,WATER_QUALITY,2.798,103.154,0.651,6.162,335.368,1.615
2026-09-01T09:57:49.506102+00:00,ESP32_Node_2,NORMAL,2.451,143.924,0.785,7.107,276.938,0.995
2026-09-01T10:13:49.506102+00:00,ESP32_Node_4,NORMAL,2.573,116.835,0.518,7.196,322.956,1.674
2026-09-01T11:14:49.506102+00:00,ESP32_Node_1,SENSOR_FAULT,2.51,120.165,0.537,7.173,296.655,40.0
2026-09-01T12:14:49.506102+00:00,ESP32_Node_1,NORMAL,2.56,102.37,0.455,7.174,292.09,1.447
2026-09-01T12:33:49.506102+00:00,ESP32_Node_1,WATER_QUALITY,2.428,114.805,0.203,5.8,425.916,5.34
2026-09-01T12:51:49.506102+00:00,ESP32_Node_4,WATER_QUALITY,2.118,123.916,0.304,7.193,360.689,8.07
2026-09-01T13:44:49.506102+00:00,ESP32_Node_3,EARLY_ANOMALY,2.202,171.641,0.773,7.209,311.966,2.349
2026-09-01T13:57:49.506102+00:00,ESP32_Node_2,NORMAL,2.602,106.228,0.608,7.196,335.0,2.174
2026-09-01T14:09:49.506102+00:00,ESP32_Node_2,WATER_QUALITY,2.53,126.299,0.594,6.363,311.673,2.956
2026-09-01T14:18:49.506102+00:00,ESP32_Node_4,NORMAL,2.516,95.276,0.467,7.085,295.913,1.489
2026-09-01T14:21:49.506102+00:00,ESP32_Node_3,LEAK,1.908,166.774,2.137,7.182,302.617,2.386
2026-09-01T14:37:49.506102+00:00,ESP32_Node_4,NORMAL,2.749,110.073,0.318,7.141,334.262,1.097
2026-09-01T14:55:49.506102+00:00,ESP32_Node_2,SENSOR_FAULT,2.365,500.0,0.419,7.328,317.799,1.384
2026-09-01T15:21:49.506102+00:00,ESP32_Node_1,NORMAL,2.325,120.208,0.476,7.393,270.468,1.768
2026-09-01T15:50:49.506102+00:00,ESP32_Node_1,NORMAL,2.677,121.506,0.583,7.311,289.363,1.038
2026-09-01T16:28:49.506102+00:00,ESP32_Node_2,NORMAL,2.427,98.835,0.564,7.079,328.766,1.761
2026-09-01T17:04:49.506102+00:00,ESP32_Node_2,LEAK,1.76,148.947,1.437,6.959,348.614,1.939
2026-09-01T18:27:49.506102+00:00,ESP32_Node_4,WATER_QUALITY,2.631,101.268,0.744,7.0,425.15,7.227
2026-09-01T18:54:49.506102+00:00,ESP32_Node_4,WATER_QUALITY,2.545,128.88,0.657,5.89,297.074,1.967
2026-09-01T19:27:49.506102+00:00,ESP32_Node_3,NORMAL,2.412,125.373,0.497,7.212,277.638,1.809
2026-09-01T19:34:49.506102+00:00,ESP32_Node_4,NORMAL,2.605,125.146,0.545,7.026,309.563,1.33
2026-09-01T19:54:49.506102+00:00,ESP32_Node_1,NORMAL,2.487,131.963,0.635,7.129,311.735,2.495
2026-09-01T20:04:49.506102+00:00,ESP32_Node_3,NORMAL,2.469,114.999,0.553,7.278,319.294,2.629
2026-09-01T20:27:49.506102+00:00,ESP32_Node_1,LEAK,1.822,125,1.738,7.147,331.234,2.064
2026-09-01T20:28:49.506102+00:00,ESP32_Node_1,WATER_QUALITY,2.625,113.964,0.657,6.194,519.669,5.791
2026-09-01T21:06:49.506102+00:00,ESP32_Node_2,SENSOR_FAULT,2.647,142.834,0.715,13.0,306.902,2.097
2026-09-01T21:18:49.506102+00:00,ESP32_Node_4,LEAK,1.759,151.032,2.076,7.221,274.199,2.034
2026-09-01T21:41:49.506102+00:00,ESP32_Node_1,WATER_QUALITY,2.573,122.646,0.653,5.771,316.788,2.82
2026-09-01T21:44:49.506102+00:00,ESP32_Node_3,NORMAL,2.669,123.58,0.837,7.102,314.336,1.563
2026-09-01T22:00:49.506102+00:00,ESP32_Node_3,LEAK,1.497,165.178,1.532,7.224,301.455,1.404
2026-09-01T22:04:49.506102+00:00,ESP32_Node_4,WATER_QUALITY,2.355,131.077,0.481,6.12,515.521,4.192
2026-09-01T22:53:49.506102+00:00,ESP32_Node_4,NORMAL,2.312,137.938,0.296,7.221,303.538,1.8
2026-09-01T23:04:49.506102+00:00,ESP32_Node_2,LEAK,1.709,189.388,1.536,7.153,321.699,2.281
2026-09-01T23:07:49.506102+00:00,ESP32_Node_4,NORMAL,2.709,127.611,0.618,7.27,331.787,1.429
2026-09-01T23:13:49.506102+00:00,ESP32_Node_1,NORMAL,2.79,127.2,0.568,7.104,319.787,2.105
2026-09-01T23:23:49.506102+00:00,ESP32_Node_1,NORMAL,2.488,132.062,0.379,7.072,325.527,1.857
2026-09-01T23:49:49.506102+00:00,ESP32_Node_4,NORMAL,2.691,117.77,0.566,7.105,322.691,1.844
2026-09-02T00:11:49.506102+00:00,ESP32_Node_1,NORMAL,2.342,137.603,0.427,7.312,311.195,1.411
2026-09-02T00:22:49.506102+00:00,ESP32_Node_3,NORMAL,2.419,121.62,0.867,7.053,298.898,1.612
2026-09-02T00:26:49.506102+00:00,ESP32_Node_3,NORMAL,2.615,122.152,0.507,7.076,304.716,1.195
2026-09-02T00:30:49.506102+00:00,ESP32_Node_3,WATER_QUALITY,2.835,127.634,0.588,6.487,568.817,7.918
2026-09-02T01:14:49.506102+00:00,ESP32_Node_1,NORMAL,2.474,115.344,0.541,7.091,261.732,2.426
2026-09-02T01:31:49.506102+00:00,ESP32_Node_3,EARLY_ANOMALY,2.472,150.2,1.373,7.242,348.937,2.404
2026-09-02T01:54:49.506102+00:00,ESP32_Node_3,LEAK,1.36,129.322,1.344,7.379,329.601,1.791
2026-09-02T02:01:49.506102+00:00,ESP32_Node_4,LEAK,1.786,128.334,1.95,7.195,284.314,2.406
2026-09-02T02:26:49.506102+00:00,ESP32_Node_2,NORMAL,2.68,118.731,0.485,7.256,313.708,1.324
2026-09-02T02:29:49.506102+00:00,ESP32_Node_2,LEAK,1.894,142.539,1.715,7.018,274.622,2.088
2026-09-02T02:29:49.506102+00:00,ESP32_Node_3,NORMAL,2.743,148.077,0.454,6.934,313.602,1.458
2026-09-02T02:37:49.506102+00:00,ESP32_Node_1,NORMAL,2.661,127.299,0.56,7.293,324.344,1.572
2026-09-02T02:44:49.506102+00:00,ESP32_Node_4,NORMAL,2.568,131.665,0.604,7.143,292.341,2.344
2026-09-02T02:55:49.506102+00:00,ESP32_Node_3,NORMAL,2.614,130.873,0.479,7.16,313.349,2.055
2026-09-02T03:00:49.506102+00:00,ESP32_Node_2,SENSOR_FAULT,0.0,118.319,0.557,7.202,331.959,1.472
2026-09-02T03:16:49.506102+00:00,ESP32_Node_1,NORMAL,2.68,126.495,0.511,7.139,323.466,1.713
2026-09-02T03:37:49.506102+00:00,ESP32_Node_2,WATER_QUALITY,2.638,133.233,0.635,6.481,303.572,2.354
2026-09-02T03:45:49.506102+00:00,ESP32_Node_3,WATER_QUALITY,2.361,124.966,0.799,6.755,534.692,2.256
2026-09-02T04:16:49.506102+00:00,ESP32_Node_2,WATER_QUALITY,2.539,142.051,0.752,6.7,315.489,2.33
2026-09-02T05:14:49.506102+00:00,ESP32_Node_1,LEAK,1.723,152.728,1.574,7.07,339.937,1.53
2026-09-02T05:23:49.506102+00:00,ESP32_Node_2,NORMAL,2.471,132.281,0.575,7.179,347.504,2.154
2026-09-02T05:24:49.506102+00:00,ESP32_Node_2,SENSOR_FAULT,2.74,131.877,0.456,7.197,298.274,0.0
2026-09-02T05:35:49.506102+00:00,ESP32_Node_2,WATER_QUALITY,2.377,139.791,0.304,7.071,584.877,2.075
2026-09-02T05:54:49.506102+00:00,ESP32_Node_2,NORMAL,2.3,115.787,0.795,7.064,330.642,2.345
2026-09-02T06:55:49.506102+00:00,ESP32_Node_1,WATER_QUALITY,2.684,122.95,0.67,7.419,576.462,2.735
2026-09-02T07:02:49.506102+00:00,ESP32_Node_1,NORMAL,2.395,118.781,0.671,7.084,283.343,2.262
2026-09-02T07:22:49.506102+00:00,ESP32_Node_2,WATER_QUALITY,2.36,118.145,0.527,6.921,478.918,2.68
2026-09-02T07:39:49.506102+00:00,ESP32_Node_2,NORMAL,2.474,126.37,0.577,6.989,303.734,2.078
2026-09-02T07:42:49.506102+00:00,ESP32_Node_2,LEAK,1.533,180.223,1.333,7.086,297.386,1.935
2026-09-02T07:53:49.506102+00:00,ESP32_Node_4,WATER_QUALITY,2.16,111.024,0.629,6.03,325.639,2.035
2026-09-02T08:57:49.506102+00:00,ESP32_Node_1,WATER_QUALITY,2.367,138.147,0.822,6.899,368.608,5.461
2026-09-02T09:59:49.506102+00:00,ESP32_Node_4,WATER_QUALITY,2.364,130.384,0.605,6.401,254.019,2.514
2026-09-02T10:08:49.506102+00:00,ESP32_Node_1,SENSOR_FAULT,2.608,126.513,0.02,7.16,320.118,1.487
2026-09-02T10:59:49.506102+00:00,ESP32_Node_4,LEAK,1.833,176.01,1.479,6.825,333.641,1.482
2026-09-02T11:19:49.506102+00:00,ESP32_Node_1,SENSOR_FAULT,2.711,97.415,7.0,7.098,319.005,1.831
2026-09-02T12:00:49.506102+00:00,ESP32_Node_3,SENSOR_FAULT,2.545,113.499,0.0,7.284,356.343,1.719
2026-09-02T12:29:49.506102+00:00,ESP32_Node_1,LEAK,1.704,150.058,1.703,7.183,282.693,1.935
2026-09-02T12:34:49.506102+00:00,ESP32_Node_3,SENSOR_FAULT,2.619,114.361,0.599,7.106,1200.0,1.855
2026-09-02T12:49:49.506102+00:00,ESP32_Node_4,EARLY_ANOMALY,2.357,159.499,1.426,6.928,312.732,1.899
2026-09-02T12:51:49.506102+00:00,ESP32_Node_2,NORMAL,2.489,99.332,0.878,7.287,287.923,1.746
2026-09-02T13:06:49.506102+00:00,ESP32_Node_3,NORMAL,2.152,128.064,0.677,7.193,282.707,2.009
